"Date","Price","Open","High","Low","Change %"
"Dec 13, 2022","3.2780","3.2220","3.3075","3.2175","2.50%"
"Dec 12, 2022","3.1980","3.1610","3.2270","3.0960","0.47%"
"Dec 09, 2022","3.1830","3.1100","3.1840","3.0930","2.81%"
"Dec 08, 2022","3.0960","3.0430","3.1170","3.0260","1.64%"
"Dec 07, 2022","3.0460","3.0570","3.1200","3.0390","-1.14%"
"Dec 06, 2022","3.0810","3.1070","3.1250","3.0370","-0.64%"
"Dec 05, 2022","3.1010","3.1280","3.1470","3.0640","-1.46%"
"Dec 02, 2022","3.1470","3.0860","3.1770","3.0070","1.52%"
"Dec 01, 2022","3.1000","3.0840","3.1310","3.0580","-1.99%"
"Nov 30, 2022","3.1630","3.1310","3.1920","3.1030","2.00%"
"Nov 29, 2022","3.1010","3.0910","3.1540","3.0530","-0.77%"
"Nov 28, 2022","3.1250","3.0950","3.1620","3.0550","0.26%"
"Nov 25, 2022","3.1170","3.0740","3.1330","3.0420","2.70%"
"Nov 24, 2022","3.0350","2.9480","3.0410","2.8990","0.83%"
"Nov 23, 2022","3.0100","3.1480","3.1520","2.9850","-3.80%"
"Nov 22, 2022","3.1290","3.2010","3.2320","3.1260","-1.94%"
"Nov 21, 2022","3.1910","3.2410","3.2820","3.1550","-1.45%"
"Nov 18, 2022","3.2380","3.1900","3.3010","3.1900","1.28%"
"Nov 17, 2022","3.1970","3.1030","3.2680","3.0900","1.59%"
"Nov 16, 2022","3.1470","3.3200","3.3340","3.1230","-4.55%"
"Nov 15, 2022","3.2970","3.3450","3.4020","3.2900","-1.55%"
"Nov 14, 2022","3.3490","3.3620","3.4020","3.2850","-0.15%"
"Nov 11, 2022","3.3540","3.3450","3.3710","3.2830","1.95%"
"Nov 10, 2022","3.2900","3.4500","3.4930","3.2430","-4.58%"
"Nov 09, 2022","3.4480","3.5160","3.5880","3.4320","-2.71%"
"Nov 08, 2022","3.5440","3.6410","3.6890","3.5370","-2.45%"
"Nov 07, 2022","3.6330","3.5970","3.6470","3.5120","2.31%"
"Nov 04, 2022","3.5510","3.4860","3.5960","3.4640","1.31%"
"Nov 03, 2022","3.5050","3.4970","3.5540","3.4230","3.12%"
"Nov 02, 2022","3.3990","3.4860","3.5360","3.3950","-1.68%"
"Nov 01, 2022","3.4570","3.4860","3.5360","3.4030","-1.87%"
"Oct 31, 2022","3.5230","3.4880","3.5710","3.4790","0.83%"
"Oct 28, 2022","3.4940","3.4300","3.5170","3.4160","2.55%"
"Oct 27, 2022","3.4070","3.5990","3.6280","3.3780","-4.81%"
"Oct 26, 2022","3.5790","3.5920","3.7000","3.5530","-1.57%"
"Oct 25, 2022","3.6360","3.6430","3.7340","3.5700","-2.88%"
"Oct 24, 2022","3.7440","3.8410","3.9340","3.7240","-7.05%"
"Oct 21, 2022","4.0280","3.9840","4.1300","3.9480","3.18%"
"Oct 20, 2022","3.9040","3.9470","4.0190","3.7540","0.85%"
"Oct 19, 2022","3.8710","4.0210","4.0340","3.8510","-1.83%"
"Oct 18, 2022","3.9430","3.9110","4.0970","3.8990","-0.95%"
"Oct 17, 2022","3.9810","4.1760","4.1780","3.9140","-9.87%"
"Oct 16, 2022","4.4170","4.4165","4.4170","4.4165","2.17%"
"Oct 14, 2022","4.3230","4.0180","4.3610","3.8990","3.32%"
"Oct 13, 2022","4.1840","4.4370","4.4590","4.0420","-5.19%"
"Oct 12, 2022","4.4130","4.5080","4.6320","4.4130","-0.83%"
"Oct 11, 2022","4.4500","4.4480","4.5210","4.3580","-0.49%"
"Oct 10, 2022","4.4720","4.2340","4.5450","4.2280","5.52%"
"Oct 07, 2022","4.2380","4.2060","4.2470","4.1790","1.63%"
"Oct 06, 2022","4.1700","4.0220","4.2430","4.0080","3.32%"
"Oct 05, 2022","4.0360","3.8970","4.0760","3.8970","4.67%"
"Oct 04, 2022","3.8560","3.8820","3.9280","3.7350","-2.28%"
"Oct 03, 2022","3.9460","4.0530","4.1080","3.8500","-4.34%"
"Oct 02, 2022","4.1250","4.1250","4.1250","4.1250","0.71%"
"Sep 30, 2022","4.0960","4.0810","4.1960","3.9920","-1.04%"
"Sep 29, 2022","4.1390","4.0330","4.2160","4.0330","3.27%"
"Sep 28, 2022","4.0080","4.5370","4.5820","3.9920","-10.95%"
"Sep 27, 2022","4.5010","4.1700","4.5410","4.0310","6.26%"
"Sep 26, 2022","4.2360","4.0720","4.2540","4.0380","10.18%"
"Sep 25, 2022","3.8445","3.8410","3.8445","3.8410","0.00%"
"Sep 24, 2022","3.8445","3.8445","3.8445","3.8445","0.59%"
"Sep 23, 2022","3.8220","3.4930","3.8430","3.4520","9.54%"
"Sep 22, 2022","3.4890","3.3260","3.5280","3.2390","5.31%"
"Sep 21, 2022","3.3130","3.2730","3.3450","3.2310","0.61%"
"Sep 20, 2022","3.2930","3.1790","3.3220","3.1680","4.42%"
"Sep 19, 2022","3.1535","3.1670","3.1670","3.1535","-0.41%"
"Sep 18, 2022","3.1665","3.1770","3.1770","3.1665","0.30%"
"Sep 17, 2022","3.1570","3.1570","3.1570","3.1570","0.77%"
"Sep 16, 2022","3.1330","3.1720","3.1870","3.1220","-1.01%"
"Sep 15, 2022","3.1650","3.1850","3.1950","3.1020","0.89%"
"Sep 14, 2022","3.1370","3.1250","3.2270","3.1110","-1.13%"
"Sep 13, 2022","3.1730","3.1150","3.1890","3.0520","2.92%"
"Sep 12, 2022","3.0830","3.1220","3.1490","3.0450","-1.50%"
"Sep 11, 2022","3.1300","3.1365","3.1365","3.1295","0.24%"
"Sep 10, 2022","3.1225","3.1225","3.1225","3.1225","0.82%"
"Sep 09, 2022","3.0970","3.1290","3.1650","3.0350","-2.02%"
"Sep 08, 2022","3.1610","2.9650","3.1630","2.9640","4.29%"
"Sep 07, 2022","3.0310","3.0930","3.1110","2.9900","-2.16%"
"Sep 06, 2022","3.0980","2.9510","3.1470","2.9380","5.37%"
"Sep 05, 2022","2.9400","2.9130","3.0000","2.9080","0.89%"
"Sep 04, 2022","2.9140","2.9145","2.9145","2.9140","-0.10%"
"Sep 03, 2022","2.9170","2.9330","2.9330","2.9170","-0.03%"
"Sep 02, 2022","2.9180","2.8640","2.9480","2.8570","1.25%"
"Sep 01, 2022","2.8820","2.8610","2.9270","2.8240","2.97%"
"Aug 31, 2022","2.7990","2.7030","2.8740","2.6780","3.48%"
"Aug 30, 2022","2.7050","2.6850","2.7740","2.6750","3.58%"
"Aug 29, 2022","2.6115","2.6240","2.6245","2.6115","-0.42%"
"Aug 28, 2022","2.6225","2.6160","2.6240","2.6160","-0.40%"
"Aug 27, 2022","2.6330","2.6200","2.6330","2.6195","1.15%"
"Aug 26, 2022","2.6030","2.6090","2.6430","2.5490","-0.53%"
"Aug 25, 2022","2.6170","2.7020","2.7020","2.6110","-3.00%"
"Aug 24, 2022","2.6980","2.6180","2.7060","2.5830","4.61%"
"Aug 23, 2022","2.5790","2.4780","2.6260","2.4640","2.59%"
"Aug 22, 2022","2.5140","2.4040","2.5280","2.3700","3.56%"
"Aug 21, 2022","2.4275","2.4290","2.4290","2.4275","0.06%"
"Aug 20, 2022","2.4260","2.4270","2.4270","2.4260","0.46%"
"Aug 19, 2022","2.4150","2.4020","2.4570","2.3770","4.14%"
"Aug 18, 2022","2.3190","2.3540","2.3540","2.2660","1.31%"
"Aug 17, 2022","2.2890","2.1430","2.3170","2.1350","7.72%"
"Aug 16, 2022","2.1250","2.0270","2.1550","2.0250","5.04%"
"Aug 15, 2022","2.0230","2.0940","2.1180","2.0010","-4.44%"
"Aug 14, 2022","2.1170","2.1240","2.1240","2.1170","0.33%"
"Aug 13, 2022","2.1100","2.1100","2.1100","2.1100","-0.24%"
"Aug 12, 2022","2.1150","2.0990","2.1430","2.0740","2.72%"
"Aug 11, 2022","2.0590","1.9710","2.0820","1.9500","5.27%"
"Aug 10, 2022","1.9560","1.9950","2.0110","1.9050","-0.91%"
"Aug 09, 2022","1.9740","1.9490","2.0010","1.9260","1.13%"
"Aug 08, 2022","1.9520","1.9870","1.9980","1.9280","-4.59%"
"Aug 07, 2022","2.0460","2.0440","2.0490","2.0440","0.12%"
"Aug 06, 2022","2.0435","2.0435","2.0435","2.0435","-0.41%"
"Aug 05, 2022","2.0520","1.8990","2.0620","1.8890","8.63%"
"Aug 04, 2022","1.8890","1.9100","1.9330","1.8130","-1.10%"
"Aug 03, 2022","1.9100","1.8650","1.9840","1.8550","2.19%"
"Aug 02, 2022","1.8690","1.7490","1.8700","1.7110","3.32%"
"Aug 01, 2022","1.8090","1.8830","1.9190","1.7920","-3.34%"
"Jul 31, 2022","1.8715","1.8660","1.8750","1.8660","0.16%"
"Jul 30, 2022","1.8685","1.8685","1.8685","1.8685","0.84%"
"Jul 29, 2022","1.8530","1.8660","1.9720","1.8530","-1.07%"
"Jul 28, 2022","1.8730","2.0270","2.0330","1.8400","-4.29%"
"Jul 27, 2022","1.9570","1.9250","1.9820","1.9230","1.98%"
"Jul 26, 2022","1.9190","1.9190","1.9360","1.8760","-0.83%"
"Jul 25, 2022","1.9350","1.9500","1.9830","1.9260","-0.31%"
"Jul 24, 2022","1.9410","1.9475","1.9475","1.9410","0.34%"
"Jul 23, 2022","1.9345","1.9345","1.9345","1.9345","-0.23%"
"Jul 22, 2022","1.9390","2.0030","2.0220","1.9020","-5.32%"
"Jul 21, 2022","2.0480","2.1500","2.2390","2.0320","-4.48%"
"Jul 20, 2022","2.1440","2.0960","2.2270","2.0540","-1.56%"
"Jul 19, 2022","2.1780","2.0960","2.2270","2.0850","0.93%"
"Jul 18, 2022","2.1580","2.1240","2.1620","2.0870","2.76%"
"Jul 16, 2022","2.1000","2.0980","2.1000","2.0980","0.67%"
"Jul 15, 2022","2.0860","2.0280","2.1200","2.0200","-0.76%"
"Jul 14, 2022","2.1020","2.0660","2.1420","2.0660","1.94%"
"Jul 13, 2022","2.0620","2.1270","2.1620","2.0160","-0.10%"
"Jul 12, 2022","2.0640","2.1550","2.1590","2.0200","-5.32%"
"Jul 11, 2022","2.1800","2.2100","2.2160","2.1340","-2.13%"
"Jul 10, 2022","2.2275","2.2430","2.2430","2.2170","-0.45%"
"Jul 09, 2022","2.2375","2.2375","2.2375","2.2375","0.16%"
"Jul 08, 2022","2.2340","2.1070","2.2440","2.0940","4.93%"
"Jul 07, 2022","2.1290","2.1260","2.1950","2.0890","1.67%"
"Jul 06, 2022","2.0940","2.1130","2.1350","1.9810","2.10%"
"Jul 05, 2022","2.0510","2.2000","2.2140","2.0480","-6.73%"
"Jul 04, 2022","2.1990","2.0940","2.2090","2.0940","5.01%"
"Jul 03, 2022","2.0940","2.0790","2.0940","2.0790","-0.71%"
"Jul 02, 2022","2.1090","2.1090","2.1090","2.1090","1.25%"
"Jul 01, 2022","2.0830","2.2140","2.2810","2.0310","-7.01%"
"Jun 30, 2022","2.2400","2.3500","2.3660","2.2390","-5.96%"
"Jun 29, 2022","2.3820","2.4410","2.4870","2.3680","-3.45%"
"Jun 28, 2022","2.4670","2.4260","2.5000","2.4110","3.09%"
"Jun 27, 2022","2.3930","2.3210","2.4240","2.3200","3.48%"
"Jun 26, 2022","2.3125","2.3135","2.3135","2.3125","-0.02%"
"Jun 25, 2022","2.3130","2.3130","2.3130","2.3130","0.39%"
"Jun 24, 2022","2.3040","2.2820","2.3640","2.2640","-0.35%"
"Jun 23, 2022","2.3120","2.5110","2.5220","2.2820","-7.33%"
"Jun 22, 2022","2.4950","2.5750","2.5830","2.4470","-5.81%"
"Jun 21, 2022","2.6490","2.5950","2.6600","2.5530","1.81%"
"Jun 20, 2022","2.6020","2.4990","2.6070","2.4890","3.75%"
"Jun 19, 2022","2.5080","2.5110","2.5110","2.5080","0.14%"
"Jun 18, 2022","2.5045","2.5045","2.5045","2.5045","0.34%"
"Jun 17, 2022","2.4960","2.5110","2.5560","2.4370","-0.83%"
"Jun 16, 2022","2.5170","2.4430","2.7450","2.4150","2.07%"
"Jun 15, 2022","2.4660","2.5410","2.5480","2.4070","-4.97%"
"Jun 14, 2022","2.5950","2.4940","2.6020","2.4430","2.98%"
"Jun 13, 2022","2.5200","2.4670","2.5260","2.4390","3.30%"
"Jun 12, 2022","2.4395","2.4380","2.4395","2.4380","-0.08%"
"Jun 11, 2022","2.4415","2.4410","2.4575","2.4410","-0.06%"
"Jun 10, 2022","2.4430","2.3280","2.4450","2.2990","5.03%"
"Jun 09, 2022","2.3260","2.2690","2.3580","2.2430","3.47%"
"Jun 08, 2022","2.2480","2.2260","2.2710","2.2170","1.54%"
"Jun 07, 2022","2.2140","2.2630","2.2790","2.2020","-1.38%"
"Jun 06, 2022","2.2450","2.2100","2.2560","2.1700","4.25%"
"Jun 05, 2022","2.1535","2.1535","2.1535","2.1535","0.00%"
"Jun 04, 2022","2.1535","2.1535","2.1535","2.1535","-0.55%"
"Jun 03, 2022","2.1655","2.1650","2.1655","2.1540","0.02%"
"Jun 02, 2022","2.1650","2.1590","2.1655","2.1540","0.60%"
"Jun 01, 2022","2.1520","2.1200","2.1560","2.0970","2.48%"
"May 31, 2022","2.1000","2.0070","2.1250","1.9660","5.58%"
"May 30, 2022","1.9890","1.9530","2.0020","1.9530","3.35%"
"May 28, 2022","1.9245","1.9300","1.9300","1.9245","0.44%"
"May 27, 2022","1.9160","1.9390","1.9690","1.8840","-2.64%"
"May 26, 2022","1.9680","1.9020","1.9750","1.8590","3.04%"
"May 25, 2022","1.9100","1.9080","1.9260","1.8640","1.11%"
"May 24, 2022","1.8890","1.9710","1.9810","1.8460","-4.16%"
"May 23, 2022","1.9710","1.9280","1.9800","1.8880","4.70%"
"May 22, 2022","1.8825","1.8880","1.8880","1.8825","0.27%"
"May 21, 2022","1.8775","1.8780","1.8995","1.8770","-0.66%"
"May 20, 2022","1.8900","1.8940","1.9340","1.8800","1.12%"
"May 19, 2022","1.8690","1.8610","1.8710","1.7820","0.11%"
"May 18, 2022","1.8670","1.9040","1.9150","1.8220","-0.85%"
"May 17, 2022","1.8830","1.8010","1.8880","1.7940","8.78%"
"May 16, 2022","1.7310","1.7220","1.7970","1.7180","-1.11%"
"May 15, 2022","1.7505","1.7480","1.7505","1.7480","-0.14%"
"May 14, 2022","1.7530","1.7530","1.7530","1.7530","0.57%"
"May 13, 2022","1.7430","1.6930","1.7630","1.6930","4.37%"
"May 12, 2022","1.6700","1.7920","1.7930","1.6680","-8.79%"
"May 11, 2022","1.8310","1.8440","1.9330","1.8040","-0.92%"
"May 10, 2022","1.8480","1.9600","1.9660","1.8240","-5.67%"
"May 09, 2022","1.9590","2.0080","2.0730","1.9450","-2.76%"
"May 08, 2022","2.0145","2.0120","2.0145","2.0120","-0.07%"
"May 07, 2022","2.0160","2.0150","2.0160","2.0040","1.05%"
"May 06, 2022","1.9950","1.9400","2.0140","1.9260","1.48%"
"May 05, 2022","1.9660","1.9590","1.9780","1.8140","-0.10%"
"May 04, 2022","1.9680","2.0030","2.0130","1.9640","0.46%"
"May 03, 2022","1.9590","2.0090","2.0200","1.9290","2.83%"
"May 02, 2022","1.9050","1.8620","1.9300","1.8320","-0.76%"
"May 01, 2022","1.9195","1.9220","1.9220","1.9195","0.10%"
"Apr 30, 2022","1.9175","1.9175","1.9175","1.9175","0.45%"
"Apr 29, 2022","1.9090","1.8620","1.9120","1.8320","1.65%"
"Apr 28, 2022","1.8780","1.8160","1.8880","1.7950","3.47%"
"Apr 27, 2022","1.8150","1.8590","1.8840","1.7890","0.89%"
"Apr 26, 2022","1.7990","1.8590","1.8840","1.7910","-2.07%"
"Apr 25, 2022","1.8370","1.8990","1.9360","1.8320","-6.77%"
"Apr 24, 2022","1.9705","1.9630","1.9705","1.9630","-0.35%"
"Apr 23, 2022","1.9775","1.9775","1.9775","1.9775","0.58%"
"Apr 22, 2022","1.9660","1.9810","2.0230","1.9350","-2.43%"
"Apr 21, 2022","2.0150","1.9530","2.0170","1.9190","5.17%"
"Apr 20, 2022","1.9160","2.0000","2.0040","1.8890","-2.64%"
"Apr 19, 2022","1.9680","1.9060","1.9960","1.9040","4.13%"
"Apr 18, 2022","1.8900","1.8900","1.8900","1.8900","0.03%"
"Apr 17, 2022","1.8895","1.8810","1.8900","1.8810","-0.47%"
"Apr 16, 2022","1.8985","1.8955","1.8985","1.8955","0.13%"
"Apr 15, 2022","1.8960","1.8960","1.8960","1.8960","0.32%"
"Apr 14, 2022","1.8900","1.8300","1.8960","1.7930","4.71%"
"Apr 13, 2022","1.8050","1.8280","1.8930","1.8030","0.06%"
"Apr 12, 2022","1.8040","1.8720","1.9010","1.7940","-2.38%"
"Apr 11, 2022","1.8480","1.7760","1.8530","1.7760","4.79%"
"Apr 10, 2022","1.7635","1.7645","1.7645","1.7635","-0.03%"
"Apr 09, 2022","1.7640","1.7605","1.7640","1.7605","0.63%"
"Apr 08, 2022","1.7530","1.7220","1.7850","1.7080","1.39%"
"Apr 07, 2022","1.7290","1.6920","1.7610","1.6660","1.47%"
"Apr 06, 2022","1.7040","1.6700","1.7520","1.6600","2.96%"
"Apr 05, 2022","1.6550","1.5620","1.6730","1.5610","7.05%"
"Apr 04, 2022","1.5460","1.6020","1.6160","1.5270","-4.66%"
"Apr 03, 2022","1.6215","1.6360","1.6360","1.6215","0.65%"
"Apr 01, 2022","1.6110","1.6470","1.6870","1.6090","0.25%"
"Mar 31, 2022","1.6070","1.6600","1.6650","1.6070","-3.54%"
"Mar 30, 2022","1.6660","1.6350","1.7070","1.6110","0.85%"
"Mar 29, 2022","1.6520","1.6420","1.7300","1.6260","2.10%"
"Mar 28, 2022","1.6180","1.7070","1.7500","1.6040","-4.18%"
"Mar 27, 2022","1.6885","1.6820","1.6885","1.6820","-0.73%"
"Mar 26, 2022","1.7010","1.6955","1.7010","1.6950","0.12%"
"Mar 25, 2022","1.6990","1.6340","1.7000","1.5970","3.09%"
"Mar 24, 2022","1.6480","1.6400","1.7110","1.6150","1.29%"
"Mar 23, 2022","1.6270","1.7100","1.7120","1.6270","-4.85%"
"Mar 22, 2022","1.7100","1.6450","1.7100","1.6440","4.40%"
"Mar 21, 2022","1.6380","1.5120","1.6410","1.5110","9.05%"
"Mar 20, 2022","1.5020","1.4935","1.5020","1.4935","-0.56%"
"Mar 19, 2022","1.5105","1.5105","1.5105","1.5105","0.90%"
"Mar 18, 2022","1.4970","1.5770","1.5840","1.4880","-4.47%"
"Mar 17, 2022","1.5670","1.6310","1.6310","1.5240","-3.81%"
"Mar 16, 2022","1.6290","1.6290","1.6400","1.6010","3.23%"
"Mar 15, 2022","1.5780","1.5990","1.6090","1.5560","-1.25%"
"Mar 14, 2022","1.5980","1.5380","1.6110","1.5380","5.62%"
"Mar 13, 2022","1.5130","1.5290","1.5290","1.5130","1.04%"
"Mar 12, 2022","1.4975","1.4975","1.4975","1.4975","0.23%"
"Mar 11, 2022","1.4940","1.5130","1.5590","1.4920","-1.90%"
"Mar 10, 2022","1.5230","1.5150","1.5480","1.4690","0.07%"
"Mar 09, 2022","1.5220","1.4380","1.5410","1.4160","5.18%"
"Mar 08, 2022","1.4470","1.3060","1.4510","1.3060","11.05%"
"Mar 07, 2022","1.3030","1.2120","1.3180","1.2120","5.72%"
"Mar 05, 2022","1.2325","1.2325","1.2325","1.2325","1.69%"
"Mar 04, 2022","1.2120","1.2840","1.2990","1.1990","-6.70%"
"Mar 03, 2022","1.2990","1.2650","1.3480","1.2650","2.77%"
"Mar 02, 2022","1.2640","1.1240","1.2660","1.1210","13.98%"
"Mar 01, 2022","1.1090","1.3980","1.4010","1.1050","-21.63%"
"Feb 28, 2022","1.4150","1.4690","1.4690","1.4070","-4.84%"
"Feb 27, 2022","1.4870","1.4815","1.4870","1.4815","-0.37%"
"Feb 26, 2022","1.4925","1.4930","1.4955","1.4925","2.30%"
"Feb 25, 2022","1.4590","1.4540","1.4710","1.4210","0.90%"
"Feb 24, 2022","1.4460","1.3950","1.4490","1.3750","-2.03%"
"Feb 23, 2022","1.4760","1.4810","1.4960","1.4480","0.14%"
"Feb 22, 2022","1.4740","1.3550","1.4900","1.3530","4.91%"
"Feb 21, 2022","1.4050","1.3710","1.4330","1.3710","1.30%"
"Feb 20, 2022","1.3870","1.3855","1.3870","1.3855","0.62%"
"Feb 19, 2022","1.3785","1.3785","1.3785","1.3785","-0.18%"
"Feb 18, 2022","1.3810","1.4700","1.4850","1.3740","-5.28%"
"Feb 17, 2022","1.4580","1.5060","1.5190","1.4480","-4.39%"
"Feb 16, 2022","1.5250","1.5960","1.6070","1.5170","-3.60%"
"Feb 15, 2022","1.5820","1.5690","1.6000","1.5570","-0.25%"
"Feb 14, 2022","1.5860","1.4740","1.5890","1.4630","2.45%"
"Feb 11, 2022","1.5480","1.5270","1.5550","1.4920","0.98%"
"Feb 10, 2022","1.5330","1.4400","1.5380","1.4310","7.05%"
"Feb 09, 2022","1.4320","1.4560","1.4580","1.4260","-3.96%"
"Feb 08, 2022","1.4910","1.4290","1.5070","1.4240","5.45%"
"Feb 07, 2022","1.4140","1.4040","1.4370","1.3950","-0.28%"
"Feb 06, 2022","1.4180","1.4180","1.4180","1.4180","0.39%"
"Feb 05, 2022","1.4125","1.4125","1.4125","1.4125","-0.18%"
"Feb 04, 2022","1.4150","1.3860","1.4280","1.3520","2.76%"
"Feb 03, 2022","1.3770","1.2620","1.3870","1.2600","9.72%"
"Feb 02, 2022","1.2550","1.2910","1.3070","1.2470","-3.46%"
"Feb 01, 2022","1.3000","1.3070","1.3160","1.2630","-0.69%"
"Jan 31, 2022","1.3090","1.2670","1.3140","1.2370","5.14%"
"Jan 30, 2022","1.2450","1.2450","1.2450","1.2450","0.16%"
"Jan 29, 2022","1.2430","1.2430","1.2430","1.2430","-0.08%"
"Jan 28, 2022","1.2440","1.2550","1.2850","1.2400","1.22%"
"Jan 27, 2022","1.2290","1.2440","1.2670","1.2180","2.42%"
"Jan 26, 2022","1.2000","1.1700","1.2100","1.1670","2.74%"
"Jan 25, 2022","1.1680","1.1430","1.1850","1.1420","3.18%"
"Jan 24, 2022","1.1320","1.1670","1.1710","1.1170","-3.29%"
"Jan 23, 2022","1.1705","1.1705","1.1705","1.1705","0.30%"
"Jan 22, 2022","1.1670","1.1670","1.1670","1.1670","-0.26%"
"Jan 21, 2022","1.1700","1.1820","1.2080","1.1400","-4.65%"
"Jan 20, 2022","1.2270","1.2690","1.2700","1.2220","-2.39%"
"Jan 19, 2022","1.2570","1.2850","1.3000","1.2540","3.12%"
"Jan 18, 2022","1.2190","1.1950","1.2240","1.1860","2.35%"
"Jan 17, 2022","1.1910","1.1760","1.1920","1.1620","3.93%"
"Jan 16, 2022","1.1460","1.1460","1.1460","1.1460","-1.29%"
"Jan 15, 2022","1.1610","1.1610","1.1610","1.1610","0.87%"
"Jan 14, 2022","1.1510","1.1020","1.1540","1.1020","4.07%"
"Jan 13, 2022","1.1060","1.1460","1.1630","1.1030","-2.90%"
"Jan 12, 2022","1.1390","1.1530","1.1690","1.1200","-2.82%"
"Jan 11, 2022","1.1720","1.1890","1.1960","1.1580","-1.51%"
"Jan 10, 2022","1.1900","1.1920","1.2020","1.1670","1.02%"
"Jan 09, 2022","1.1780","1.1780","1.1780","1.1780","0.34%"
"Jan 08, 2022","1.1740","1.1740","1.1740","1.1740","-0.51%"
"Jan 07, 2022","1.1800","1.1520","1.1840","1.1430","1.90%"
"Jan 06, 2022","1.1580","1.1450","1.1600","1.1210","6.43%"
"Jan 05, 2022","1.0880","1.0750","1.0960","1.0580","0.00%"
"Jan 04, 2022","1.0880","1.0230","1.0930","1.0220","11.93%"
"Jan 03, 2022","0.9720","0.9740","0.9960","0.9460","-0.10%"
"Jan 02, 2022","0.9730","0.9730","0.9730","0.9730","0.36%"
"Jan 01, 2022","0.9695","0.9695","0.9695","0.9695","-0.26%"
"Dec 31, 2021","0.9720","0.9740","0.9960","0.9460","-0.51%"
"Dec 30, 2021","0.9770","1.0040","1.0200","0.9700","-3.65%"
"Dec 29, 2021","1.0140","0.9260","1.0270","0.9260","9.92%"
"Dec 27, 2021","0.9225","0.9290","0.9290","0.9225","-0.70%"
"Dec 26, 2021","0.9290","0.9290","0.9290","0.9290","0.81%"
"Dec 25, 2021","0.9215","0.9215","0.9215","0.9215","-0.05%"
"Dec 24, 2021","0.9220","0.9090","0.9550","0.9090","-0.11%"
"Dec 23, 2021","0.9230","0.9060","0.9410","0.9020","3.94%"
"Dec 22, 2021","0.8880","0.8760","0.9240","0.8660","1.60%"
"Dec 21, 2021","0.8740","0.7990","0.8800","0.7790","12.77%"
"Dec 20, 2021","0.7750","0.7280","0.7790","0.7110","0.71%"
"Dec 19, 2021","0.7695","0.7695","0.7695","0.7695","0.79%"
"Dec 18, 2021","0.7635","0.7635","0.7635","0.7635","0.73%"
"Dec 17, 2021","0.7580","0.7330","0.7790","0.7320","0.13%"
"Dec 16, 2021","0.7570","0.7330","0.8250","0.7220","2.57%"
"Dec 15, 2021","0.7380","0.7340","0.7680","0.7210","1.93%"
"Dec 14, 2021","0.7240","0.6950","0.7370","0.6950","4.17%"
"Dec 13, 2021","0.6950","0.7360","0.7460","0.6940","-5.38%"
"Dec 11, 2021","0.7345","0.7345","0.7345","0.7345","-0.88%"
"Dec 10, 2021","0.7410","0.7650","0.7880","0.7200","-1.98%"
"Dec 09, 2021","0.7560","0.7340","0.7620","0.7060","-2.33%"
"Dec 08, 2021","0.7740","0.7240","0.7800","0.6810","5.45%"
"Dec 07, 2021","0.7340","0.7750","0.7750","0.7220","0.14%"
"Dec 06, 2021","0.7330","0.7520","0.7700","0.7320","-4.56%"
"Dec 05, 2021","0.7680","0.7680","0.7680","0.7680","2.81%"
"Dec 03, 2021","0.7470","0.7960","0.8170","0.7460","-8.34%"
"Dec 02, 2021","0.8150","0.8220","0.8280","0.7830","-0.73%"
"Dec 01, 2021","0.8210","0.8300","0.8850","0.8180","1.23%"
"Nov 30, 2021","0.8110","0.8150","0.8400","0.7780","-7.31%"
"Nov 29, 2021","0.8750","0.8450","0.8960","0.8390","7.56%"
"Nov 28, 2021","0.8135","0.8135","0.8135","0.8135","-1.81%"
"Nov 27, 2021","0.8285","0.8285","0.8285","0.8285","0.18%"
"Nov 26, 2021","0.8270","0.9000","0.9070","0.8100","-14.48%"
"Nov 25, 2021","0.9670","0.9990","1.0070","0.9630","-2.91%"
"Nov 24, 2021","0.9960","0.9710","1.0410","0.9690","0.00%"
"Nov 23, 2021","0.9960","0.9530","1.0030","0.9390","6.75%"
"Nov 22, 2021","0.9330","0.8930","0.9420","0.8560","6.51%"
"Nov 21, 2021","0.8760","0.8760","0.8760","0.8760","-0.40%"
"Nov 20, 2021","0.8795","0.8795","0.8795","0.8795","-0.06%"
"Nov 19, 2021","0.8800","0.9370","0.9470","0.8560","-4.66%"
"Nov 18, 2021","0.9230","0.9310","0.9470","0.9080","-4.25%"
"Nov 17, 2021","0.9640","1.0120","1.0130","0.9630","-2.92%"
"Nov 16, 2021","0.9930","0.9750","0.9930","0.9390","3.55%"
"Nov 15, 2021","0.9590","0.8810","0.9650","0.8690","4.81%"
"Nov 14, 2021","0.9150","0.9150","0.9150","0.9150","-0.76%"
"Nov 13, 2021","0.9220","0.9220","0.9220","0.9220","0.99%"
"Nov 12, 2021","0.9130","0.9140","0.9390","0.8900","-0.98%"
"Nov 11, 2021","0.9220","0.9450","0.9450","0.9060","-0.43%"
"Nov 10, 2021","0.9260","0.8600","0.9310","0.8410","12.52%"
"Nov 09, 2021","0.8230","0.8570","0.8650","0.8230","-3.97%"
"Nov 08, 2021","0.8570","0.8440","0.8900","0.8420","2.21%"
"Nov 07, 2021","0.8385","0.8385","0.8385","0.8385","-1.12%"
"Nov 06, 2021","0.8480","0.8480","0.8480","0.8480","0.12%"
"Nov 05, 2021","0.8470","0.9390","0.9490","0.8360","-10.18%"
"Nov 04, 2021","0.9430","1.0670","1.0700","0.9220","-12.12%"
"Nov 03, 2021","1.0730","1.0370","1.0850","1.0030","3.47%"
"Nov 02, 2021","1.0370","1.0340","1.0640","1.0230","-2.45%"
"Nov 01, 2021","1.0630","1.0420","1.1170","1.0380","1.43%"
"Oct 31, 2021","1.0480","1.0480","1.0480","1.0480","1.30%"
"Oct 30, 2021","1.0345","1.0345","1.0345","1.0345","0.24%"
"Oct 29, 2021","1.0320","1.0400","1.0740","1.0140","2.38%"
"Oct 28, 2021","1.0080","0.9960","1.0410","0.9640","2.86%"
"Oct 27, 2021","0.9800","1.0910","1.1000","0.9670","-11.63%"
"Oct 26, 2021","1.1090","1.1380","1.1500","1.1030","-2.80%"
"Oct 25, 2021","1.1410","1.1550","1.1880","1.1280","-2.31%"
"Oct 24, 2021","1.1680","1.1680","1.1680","1.1680","1.21%"
"Oct 22, 2021","1.1540","1.1940","1.2050","1.1470","-3.91%"
"Oct 21, 2021","1.2010","1.1550","1.2190","1.1440","4.62%"
"Oct 20, 2021","1.1480","1.1710","1.1770","1.1120","-1.46%"
"Oct 19, 2021","1.1650","1.1050","1.1690","1.1020","2.55%"
"Oct 18, 2021","1.1360","1.1400","1.1730","1.1160","3.79%"
"Oct 17, 2021","1.0945","1.0945","1.0945","1.0945","-0.77%"
"Oct 16, 2021","1.1030","1.1030","1.1030","1.1030","-0.36%"
"Oct 15, 2021","1.1070","1.0580","1.1120","1.0570","6.24%"
"Oct 14, 2021","1.0420","1.1060","1.1180","1.0420","-4.58%"
"Oct 13, 2021","1.0920","1.1280","1.1530","1.0330","-4.88%"
"Oct 12, 2021","1.1480","1.1790","1.1940","1.1430","-3.61%"
"Oct 11, 2021","1.1910","1.2010","1.2190","1.1800","2.41%"
"Oct 10, 2021","1.1630","1.1630","1.1630","1.1630","0.04%"
"Oct 09, 2021","1.1625","1.1620","1.1625","1.1620","0.22%"
"Oct 08, 2021","1.1600","1.1030","1.1700","1.1020","7.41%"
"Oct 07, 2021","1.0800","1.0800","1.0970","1.0390","0.84%"
"Oct 06, 2021","1.0710","1.1360","1.1520","1.0650","-1.47%"
"Oct 05, 2021","1.0870","1.0200","1.0980","1.0030","7.84%"
"Oct 04, 2021","1.0080","0.9910","1.0370","0.9890","-1.22%"
"Oct 03, 2021","1.0205","1.0205","1.0205","1.0205","1.74%"
"Oct 01, 2021","1.0030","0.9900","1.0270","0.9800","-1.86%"
"Sep 30, 2021","1.0220","1.0340","1.0660","0.9980","2.92%"
"Sep 29, 2021","0.9930","0.9690","0.9940","0.9620","-0.30%"
"Sep 28, 2021","0.9960","0.9910","1.0540","0.9880","3.97%"
"Sep 27, 2021","0.9580","0.9280","0.9770","0.9240","3.90%"
"Sep 24, 2021","0.9220","0.9290","0.9650","0.9050","1.10%"
"Sep 23, 2021","0.9120","0.8270","0.9120","0.8000","14.14%"
"Sep 22, 2021","0.7990","0.8140","0.8190","0.7910","-1.24%"
"Sep 21, 2021","0.8090","0.8090","0.8240","0.7800","1.76%"
"Sep 20, 2021","0.7950","0.8400","0.8400","0.7910","-6.25%"
"Sep 17, 2021","0.8480","0.8220","0.8620","0.8140","3.41%"
"Sep 16, 2021","0.8200","0.7910","0.8300","0.7780","5.40%"
"Sep 15, 2021","0.7780","0.7540","0.7800","0.7310","5.28%"
"Sep 14, 2021","0.7390","0.7560","0.7930","0.7260","-1.20%"
"Sep 13, 2021","0.7480","0.7670","0.7670","0.7410","-1.25%"
"Sep 11, 2021","0.7575","0.7575","0.7575","0.7575","-0.33%"
"Sep 10, 2021","0.7600","0.7330","0.7640","0.7260","2.98%"
"Sep 09, 2021","0.7380","0.7450","0.7720","0.7300","-0.67%"
"Sep 08, 2021","0.7430","0.7400","0.7540","0.7170","0.81%"
"Sep 07, 2021","0.7370","0.7080","0.7570","0.7050","5.89%"
"Sep 06, 2021","0.6960","0.7100","0.7260","0.6910","-2.93%"
"Sep 03, 2021","0.7170","0.6730","0.7320","0.6700","5.13%"
"Sep 02, 2021","0.6820","0.6860","0.6910","0.6690","-2.01%"
"Sep 01, 2021","0.6960","0.7210","0.7310","0.6900","11.90%"
"Aug 31, 2021","0.6220","0.5680","0.6300","0.5470","7.71%"
"Aug 30, 2021","0.5775","0.5795","0.5795","0.5775","-0.35%"
"Aug 29, 2021","0.5795","0.5765","0.5830","0.5765","0.52%"
"Aug 28, 2021","0.5765","0.5765","0.5765","0.5765","-0.95%"
"Aug 27, 2021","0.5820","0.5900","0.6140","0.5800","-3.64%"
"Aug 26, 2021","0.6040","0.6100","0.6250","0.5940","0.83%"
"Aug 25, 2021","0.5990","0.5440","0.6070","0.5420","11.13%"
"Aug 24, 2021","0.5390","0.5560","0.5580","0.5250","0.37%"
"Aug 23, 2021","0.5370","0.5280","0.5610","0.5270","2.19%"
"Aug 22, 2021","0.5255","0.5220","0.5255","0.5220","-0.19%"
"Aug 21, 2021","0.5265","0.5265","0.5265","0.5265","0.48%"
"Aug 20, 2021","0.5240","0.5310","0.5390","0.5160","-3.14%"
"Aug 19, 2021","0.5410","0.5530","0.5560","0.5260","-4.59%"
"Aug 18, 2021","0.5670","0.5600","0.5720","0.5410","0.89%"
"Aug 17, 2021","0.5620","0.5590","0.5750","0.5270","-2.43%"
"Aug 16, 2021","0.5760","0.5620","0.5970","0.5510","-0.35%"
"Aug 15, 2021","0.5780","0.5805","0.5805","0.5780","0.43%"
"Aug 14, 2021","0.5755","0.5760","0.5760","0.5755","0.09%"
"Aug 13, 2021","0.5750","0.5930","0.6110","0.5650","-4.96%"
"Aug 12, 2021","0.6050","0.5690","0.6150","0.5660","5.40%"
"Aug 11, 2021","0.5740","0.5990","0.6170","0.5730","-2.88%"
"Aug 10, 2021","0.5910","0.5840","0.5990","0.5600","1.20%"
"Aug 09, 2021","0.5840","0.6010","0.6090","0.5630","-4.34%"
"Aug 07, 2021","0.6105","0.6100","0.6105","0.6100","-0.57%"
"Aug 06, 2021","0.6140","0.5410","0.6230","0.5350","16.95%"
"Aug 05, 2021","0.5250","0.5250","0.5400","0.5000","1.35%"
"Aug 04, 2021","0.5180","0.5190","0.5380","0.4800","-0.58%"
"Aug 03, 2021","0.5210","0.5420","0.5450","0.5030","0.00%"
"Aug 02, 2021","0.5210","0.5720","0.5810","0.5210","-7.30%"
"Jul 31, 2021","0.5620","0.5620","0.5620","0.5620","-0.71%"
"Jul 30, 2021","0.5660","0.5610","0.5840","0.5610","-1.05%"
"Jul 29, 2021","0.5720","0.5760","0.6070","0.5660","-0.69%"
"Jul 28, 2021","0.5760","0.5600","0.5900","0.5460","3.04%"
"Jul 27, 2021","0.5590","0.5700","0.5740","0.5450","-2.44%"
"Jul 26, 2021","0.5730","0.5590","0.5930","0.5400","-2.72%"
"Jul 25, 2021","0.5890","0.5905","0.5905","0.5890","0.86%"
"Jul 24, 2021","0.5840","0.5835","0.5840","0.5835","-0.34%"
"Jul 23, 2021","0.5860","0.5840","0.6100","0.5750","3.35%"
"Jul 22, 2021","0.5670","0.5910","0.6300","0.5670","-6.44%"
"Jul 21, 2021","0.6060","0.5480","0.6100","0.5440","7.07%"
"Jul 20, 2021","0.5660","0.5500","0.5670","0.5000","1.25%"
"Jul 19, 2021","0.5590","0.6120","0.6220","0.5190","-10.77%"
"Jul 18, 2021","0.6265","0.6270","0.6270","0.6265","0.08%"
"Jul 17, 2021","0.6260","0.6260","0.6260","0.6260","-0.48%"
"Jul 16, 2021","0.6290","0.6520","0.6610","0.6180","-5.27%"
"Jul 15, 2021","0.6640","0.6180","0.6800","0.5940","5.40%"
"Jul 14, 2021","0.6300","0.6540","0.6840","0.6280","-0.47%"
"Jul 13, 2021","0.6330","0.6420","0.6640","0.6200","-2.62%"
"Jul 12, 2021","0.6500","0.6610","0.6610","0.6260","-1.59%"
"Jul 11, 2021","0.6605","0.6595","0.6605","0.6595","-0.15%"
"Jul 10, 2021","0.6615","0.6615","0.6615","0.6615","0.38%"
"Jul 09, 2021","0.6590","0.6290","0.6640","0.6250","7.50%"
"Jul 08, 2021","0.6130","0.5680","0.6140","0.5500","1.49%"
"Jul 07, 2021","0.6040","0.6340","0.6430","0.5750","-4.88%"
"Jul 06, 2021","0.6350","0.7290","0.7300","0.6280","-11.31%"
"Jul 05, 2021","0.7160","0.7040","0.7280","0.7030","2.07%"
"Jul 04, 2021","0.7015","0.7045","0.7045","0.7015","0.43%"
"Jul 03, 2021","0.6985","0.6985","0.6985","0.6985","-0.78%"
"Jul 02, 2021","0.7040","0.7250","0.7250","0.6930","-3.69%"
"Jul 01, 2021","0.7310","0.7340","0.7490","0.7180","1.81%"
"Jun 30, 2021","0.7180","0.7300","0.7450","0.7120","-2.97%"
"Jun 29, 2021","0.7400","0.7340","0.7570","0.7300","2.35%"
"Jun 28, 2021","0.7230","0.7770","0.7790","0.7230","-6.77%"
"Jun 27, 2021","0.7755","0.7735","0.7755","0.7735","-0.32%"
"Jun 26, 2021","0.7780","0.7790","0.7790","0.7780","-0.38%"
"Jun 25, 2021","0.7810","0.7430","0.7840","0.7360","5.26%"
"Jun 24, 2021","0.7420","0.7840","0.7920","0.7390","-4.99%"
"Jun 23, 2021","0.7810","0.7970","0.8010","0.7700","0.13%"
"Jun 22, 2021","0.7800","0.7720","0.7980","0.7610","1.17%"
"Jun 21, 2021","0.7710","0.7310","0.7910","0.7230","1.85%"
"Jun 20, 2021","0.7570","0.7580","0.7580","0.7570","0.07%"
"Jun 19, 2021","0.7565","0.7565","0.7570","0.7565","0.60%"
"Jun 18, 2021","0.7520","0.7620","0.7950","0.7490","-3.22%"
"Jun 17, 2021","0.7770","0.8080","0.8340","0.7740","4.72%"
"Jun 16, 2021","0.7420","0.7740","0.7770","0.7410","-2.62%"
"Jun 15, 2021","0.7620","0.7350","0.7650","0.7290","2.56%"
"Jun 14, 2021","0.7430","0.7020","0.7430","0.6970","5.17%"
"Jun 13, 2021","0.7065","0.7115","0.7115","0.7065","1.00%"
"Jun 12, 2021","0.6995","0.6975","0.6995","0.6975","-1.48%"
"Jun 11, 2021","0.7100","0.7150","0.7220","0.6910","-5.08%"
"Jun 10, 2021","0.7480","0.7140","0.7870","0.7120","1.91%"
"Jun 09, 2021","0.7340","0.7740","0.7780","0.7100","-5.05%"
"Jun 08, 2021","0.7730","0.8060","0.8100","0.7670","-4.57%"
"Jun 07, 2021","0.8100","0.7970","0.8180","0.7920","2.34%"
"Jun 06, 2021","0.7915","0.7920","0.7920","0.7915","0.44%"
"Jun 05, 2021","0.7880","0.7930","0.7930","0.7880","-0.63%"
"Jun 04, 2021","0.7930","0.8360","0.8460","0.7920","-5.82%"
"Jun 03, 2021","0.8420","0.8090","0.8430","0.8080","5.12%"
"Jun 02, 2021","0.8010","0.8210","0.8300","0.7990","-3.26%"
"Jun 01, 2021","0.8280","0.8050","0.8360","0.8020","3.69%"
"May 31, 2021","0.7985","0.7985","0.7985","0.7985","0.00%"
"May 30, 2021","0.7985","0.7935","0.7985","0.7935","-0.62%"
"May 29, 2021","0.8035","0.7945","0.8035","0.7945","0.94%"
"May 28, 2021","0.7960","0.8260","0.8370","0.7850","-2.21%"
"May 27, 2021","0.8140","0.7560","0.8300","0.7560","7.96%"
"May 26, 2021","0.7540","0.7790","0.7840","0.7500","-4.56%"
"May 25, 2021","0.7900","0.7960","0.8140","0.7850","-2.71%"
"May 24, 2021","0.8120","0.8240","0.8350","0.8070","-2.35%"
"May 23, 2021","0.8315","0.8345","0.8345","0.8310","0.42%"
"May 22, 2021","0.8280","0.8280","0.8280","0.8280","-0.48%"
"May 21, 2021","0.8320","0.8390","0.8620","0.8200","-0.83%"
"May 20, 2021","0.8390","0.8670","0.8770","0.8380","-1.18%"
"May 19, 2021","0.8490","0.8820","0.9010","0.8360","-2.19%"
"May 18, 2021","0.8680","0.8740","0.8940","0.8460","0.23%"
"May 17, 2021","0.8660","0.8580","0.8860","0.8380","0.06%"
"May 16, 2021","0.8655","0.8700","0.8700","0.8655","0.58%"
"May 15, 2021","0.8605","0.8620","0.8620","0.8600","0.29%"
"May 14, 2021","0.8580","0.8900","0.9000","0.8460","-4.56%"
"May 13, 2021","0.8990","0.8830","0.9250","0.8820","1.12%"
"May 12, 2021","0.8890","0.8280","0.8950","0.8080","6.59%"
"May 11, 2021","0.8340","0.8110","0.8430","0.8100","5.57%"
"May 10, 2021","0.7900","0.8080","0.8140","0.7850","3.00%"
"May 09, 2021","0.7670","0.7620","0.7670","0.7620","-0.58%"
"May 08, 2021","0.7715","0.7715","0.7715","0.7715","-0.58%"
"May 07, 2021","0.7760","0.7850","0.8070","0.7380","-2.39%"
"May 06, 2021","0.7950","0.8020","0.8320","0.7790","-2.93%"
"May 05, 2021","0.8190","0.8200","0.8380","0.8050","3.02%"
"May 04, 2021","0.7950","0.8370","0.8570","0.7880","-5.47%"
"May 03, 2021","0.8410","0.8415","0.8415","0.8410","-0.06%"
"May 02, 2021","0.8415","0.8425","0.8425","0.8415","0.18%"
"May 01, 2021","0.8400","0.8425","0.8425","0.8400","-0.36%"
"Apr 30, 2021","0.8430","0.8310","0.8470","0.8250","-0.12%"
"Apr 29, 2021","0.8440","0.8050","0.8680","0.8010","5.63%"
"Apr 28, 2021","0.7990","0.7980","0.8460","0.7940","2.96%"
"Apr 27, 2021","0.7760","0.7610","0.7780","0.7540","2.37%"
"Apr 26, 2021","0.7580","0.7620","0.7770","0.7470","1.74%"
"Apr 23, 2021","0.7450","0.7150","0.7570","0.7130","0.54%"
"Apr 22, 2021","0.7410","0.7260","0.7520","0.7200","0.00%"
"Apr 21, 2021","0.7410","0.7290","0.7580","0.7180","1.23%"
"Apr 20, 2021","0.7320","0.7700","0.7800","0.7260","-3.17%"
"Apr 19, 2021","0.7560","0.7540","0.7820","0.7420","-1.11%"
"Apr 17, 2021","0.7645","0.7645","0.7645","0.7645","-0.20%"
"Apr 16, 2021","0.7660","0.7530","0.7760","0.7490","3.79%"
"Apr 15, 2021","0.7380","0.8050","0.8130","0.7280","-8.44%"
"Apr 14, 2021","0.8060","0.7690","0.8110","0.7620","3.33%"
"Apr 13, 2021","0.7800","0.8080","0.8130","0.7760","-1.14%"
"Apr 12, 2021","0.7890","0.7720","0.8020","0.7610","1.68%"
"Apr 10, 2021","0.7760","0.7755","0.7760","0.7755","-0.13%"
"Apr 09, 2021","0.7770","0.7580","0.8050","0.7580","3.60%"
"Apr 08, 2021","0.7500","0.7800","0.7920","0.7450","-3.23%"
"Apr 07, 2021","0.7750","0.7690","0.7930","0.7640","-2.88%"
"Apr 06, 2021","0.7980","0.8220","0.8400","0.7910","0.00%"
"Apr 02, 2021","0.7980","0.7980","0.7980","0.7980","0.00%"
"Apr 01, 2021","0.7980","0.8600","0.8620","0.7950","-5.67%"
"Mar 31, 2021","0.8460","0.8310","0.8480","0.8170","2.42%"
"Mar 30, 2021","0.8260","0.8300","0.8540","0.8230","4.69%"
"Mar 29, 2021","0.7890","0.7450","0.7950","0.7380","4.37%"
"Mar 27, 2021","0.7560","0.7560","0.7560","0.7560","-0.13%"
"Mar 26, 2021","0.7570","0.7550","0.7810","0.7490","3.13%"
"Mar 25, 2021","0.7340","0.7460","0.7460","0.7110","-3.17%"
"Mar 24, 2021","0.7580","0.7250","0.7730","0.7210","-0.66%"
"Mar 23, 2021","0.7630","0.7930","0.7990","0.7590","-6.61%"
"Mar 22, 2021","0.8170","0.8060","0.8390","0.8060","-2.51%"
"Mar 21, 2021","0.8380","0.8380","0.8380","0.8380","-0.71%"
"Mar 19, 2021","0.8440","0.8400","0.8590","0.8140","-3.54%"
"Mar 18, 2021","0.8750","0.8720","0.9080","0.8600","5.29%"
"Mar 17, 2021","0.8310","0.7960","0.8460","0.7940","5.99%"
"Mar 16, 2021","0.7840","0.7970","0.8050","0.7670","-1.88%"
"Mar 15, 2021","0.7990","0.8130","0.8610","0.7900","-2.98%"
"Mar 14, 2021","0.8235","0.8235","0.8235","0.8235","0.00%"
"Mar 13, 2021","0.8235","0.8235","0.8235","0.8235","-0.18%"
"Mar 12, 2021","0.8250","0.7870","0.8350","0.7790","12.09%"
"Mar 11, 2021","0.7360","0.7110","0.7480","0.6880","2.94%"
"Mar 10, 2021","0.7150","0.7220","0.7380","0.7080","-1.65%"
"Mar 09, 2021","0.7270","0.7270","0.7440","0.7020","-3.71%"
"Mar 08, 2021","0.7550","0.7800","0.7810","0.7390","-0.26%"
"Mar 06, 2021","0.7570","0.7570","0.7570","0.7570","0.66%"
"Mar 05, 2021","0.7520","0.7740","0.7970","0.7470","2.73%"
"Mar 04, 2021","0.7320","0.7550","0.7690","0.7130","-6.27%"
"Mar 03, 2021","0.7810","0.6870","0.7960","0.6870","13.35%"
"Mar 02, 2021","0.6890","0.7470","0.7800","0.6810","-8.98%"
"Mar 01, 2021","0.7570","0.7920","0.7990","0.7430","-8.02%"
"Feb 26, 2021","0.8230","0.7690","0.8360","0.7390","4.57%"
"Feb 25, 2021","0.7870","0.7670","0.8320","0.7660","7.22%"
"Feb 24, 2021","0.7340","0.7170","0.8040","0.7020","2.23%"
"Feb 23, 2021","0.7180","0.7120","0.7570","0.6980","5.43%"
"Feb 22, 2021","0.6810","0.7190","0.7390","0.6460","-2.23%"
"Feb 20, 2021","0.6965","0.6970","0.6970","0.6965","-0.50%"
"Feb 19, 2021","0.7000","0.6600","0.7060","0.6320","12.36%"
"Feb 18, 2021","0.6230","0.5730","0.6500","0.5730","8.73%"
"Feb 17, 2021","0.5730","0.6250","0.6430","0.5680","-8.17%"
"Feb 16, 2021","0.6240","0.5630","0.6280","0.5600","9.09%"
"Feb 15, 2021","0.5720","0.5810","0.5930","0.5650","10.00%"
"Feb 12, 2021","0.5200","0.4780","0.5350","0.4610","10.40%"
"Feb 11, 2021","0.4710","0.4690","0.4730","0.4520","-3.68%"
"Feb 10, 2021","0.4890","0.4760","0.4930","0.4660","5.62%"
"Feb 09, 2021","0.4630","0.4900","0.4910","0.4590","-2.94%"
"Feb 08, 2021","0.4770","0.5220","0.5350","0.4730","-2.05%"
"Feb 05, 2021","0.4870","0.4450","0.5160","0.4430","10.18%"
"Feb 04, 2021","0.4420","0.3770","0.4650","0.3620","19.46%"
"Feb 03, 2021","0.3700","0.3720","0.3750","0.3570","5.41%"
"Feb 02, 2021","0.3510","0.3420","0.3630","0.3390","9.35%"
"Feb 01, 2021","0.3210","0.3230","0.3510","0.3200","-2.43%"
"Jan 29, 2021","0.3290","0.2980","0.3450","0.2870","13.45%"
"Jan 28, 2021","0.2900","0.2630","0.2910","0.2450","7.81%"
"Jan 27, 2021","0.2690","0.2730","0.2910","0.2470","0.75%"
"Jan 26, 2021","0.2670","0.2530","0.2870","0.2530","1.14%"
"Jan 25, 2021","0.2640","0.3150","0.3150","0.2610","-12.87%"
"Jan 22, 2021","0.3030","0.3220","0.3350","0.3030","-8.46%"
"Jan 21, 2021","0.3310","0.2980","0.3430","0.2900","9.97%"
"Jan 20, 2021","0.3010","0.2970","0.3060","0.2840","3.79%"
"Jan 19, 2021","0.2900","0.3060","0.3080","0.2850","0.00%"
"Jan 18, 2021","0.2900","0.2810","0.3040","0.2790","1.05%"
"Jan 15, 2021","0.2870","0.2910","0.3130","0.2860","-2.38%"
"Jan 14, 2021","0.2940","0.3170","0.3220","0.2790","-5.16%"
"Jan 13, 2021","0.3100","0.3200","0.3430","0.3050","-12.68%"
"Jan 12, 2021","0.3550","0.3300","0.3660","0.3210","13.78%"
"Jan 11, 2021","0.3120","0.2770","0.3210","0.2770","9.67%"
"Jan 09, 2021","0.2845","0.2845","0.2845","0.2845","-1.22%"
"Jan 08, 2021","0.2880","0.2890","0.3030","0.2780","0.70%"
"Jan 07, 2021","0.2860","0.2580","0.2990","0.2450","16.26%"
"Jan 06, 2021","0.2460","0.2630","0.2670","0.2290","15.49%"
"Jan 05, 2021","0.2130","0.1880","0.2210","0.1770","22.41%"
"Jan 04, 2021","0.1740","0.2070","0.2130","0.1560","-7.69%"
"Jan 03, 2021","0.1885","0.1880","0.1885","0.1880","-1.57%"
"Jan 02, 2021","0.1915","0.1915","0.1915","0.1915","-2.30%"
"Dec 31, 2020","0.1960","0.2000","0.2090","0.1890","-7.11%"
"Dec 30, 2020","0.2110","0.2200","0.2470","0.2000","-0.94%"
"Dec 29, 2020","0.2130","0.2320","0.2450","0.2060","-15.81%"
"Dec 28, 2020","0.2530","0.2505","0.2530","0.2505","0.00%"
"Dec 27, 2020","0.2530","0.2505","0.2530","0.2505","-0.39%"
"Dec 26, 2020","0.2540","0.2540","0.2540","0.2540","-1.17%"
"Dec 24, 2020","0.2570","0.2980","0.3020","0.2500","-9.82%"
"Dec 23, 2020","0.2850","0.1890","0.3140","0.1780","54.89%"
"Dec 22, 2020","0.1840","0.2050","0.2330","0.1760","-11.11%"
"Dec 21, 2020","0.2070","0.1870","0.2100","0.1640","-13.75%"
"Dec 20, 2020","0.2400","0.2405","0.2405","0.2400","0.00%"
"Dec 19, 2020","0.2400","0.2400","0.2400","0.2400","-4.00%"
"Dec 18, 2020","0.2500","0.2570","0.2800","0.2330","-13.19%"
"Dec 17, 2020","0.2880","0.2900","0.2930","0.2450","5.11%"
"Dec 16, 2020","0.2740","0.2820","0.3150","0.2740","4.58%"
"Dec 15, 2020","0.2620","0.2180","0.2780","0.2080","16.96%"
"Dec 14, 2020","0.2240","0.2070","0.2560","0.1970","32.54%"
"Dec 13, 2020","0.1690","0.1655","0.1695","0.1655","-1.74%"
"Dec 12, 2020","0.1720","0.1700","0.1720","0.1695","0.00%"
"Dec 11, 2020","0.1720","0.1990","0.1990","0.1550","-15.27%"
"Dec 10, 2020","0.2030","0.2320","0.2390","0.1930","-22.81%"
"Dec 09, 2020","0.2630","0.2630","0.2880","0.2570","1.54%"
"Dec 08, 2020","0.2590","0.2830","0.3010","0.2540","-8.48%"
"Dec 07, 2020","0.2830","0.3190","0.3190","0.2740","-18.56%"
"Dec 06, 2020","0.3475","0.3490","0.3490","0.3475","0.43%"
"Dec 05, 2020","0.3460","0.3460","0.3460","0.3460","-1.98%"
"Dec 04, 2020","0.3530","0.3170","0.3610","0.3140","8.95%"
"Dec 03, 2020","0.3240","0.3490","0.3550","0.3240","-8.73%"
"Dec 02, 2020","0.3550","0.3530","0.3700","0.3320","1.14%"
"Dec 01, 2020","0.3510","0.3070","0.3650","0.2950","14.71%"
"Nov 30, 2020","0.3060","0.2880","0.3120","0.2670","5.52%"
"Nov 29, 2020","0.2900","0.2830","0.2955","0.2830","1.75%"
"Nov 28, 2020","0.2850","0.2850","0.2850","0.2850","0.00%"
"Nov 27, 2020","0.2850","0.2920","0.3130","0.2820","1.79%"
"Nov 26, 2020","0.2800","0.3190","0.3190","0.2800","-11.95%"
"Nov 25, 2020","0.3180","0.3310","0.3440","0.3040","-3.64%"
"Nov 24, 2020","0.3300","0.3310","0.3400","0.3030","2.80%"
"Nov 23, 2020","0.3210","0.3020","0.3380","0.2990","7.36%"
"Nov 22, 2020","0.2990","0.3000","0.3000","0.2990","0.34%"
"Nov 21, 2020","0.2980","0.3020","0.3020","0.2975","-2.30%"
"Nov 20, 2020","0.3050","0.3120","0.3290","0.3000","-6.15%"
"Nov 19, 2020","0.3250","0.3280","0.3420","0.3110","-3.56%"
"Nov 18, 2020","0.3370","0.3120","0.3440","0.3070","3.37%"
"Nov 17, 2020","0.3260","0.3500","0.3570","0.3170","-6.86%"
"Nov 16, 2020","0.3500","0.3330","0.3880","0.3260","2.34%"
"Nov 15, 2020","0.3420","0.3375","0.3435","0.3375","-0.87%"
"Nov 14, 2020","0.3450","0.3435","0.3450","0.3435","1.47%"
"Nov 13, 2020","0.3400","0.3320","0.3550","0.3220","-3.13%"
"Nov 12, 2020","0.3510","0.3910","0.4080","0.3500","-15.42%"
"Nov 11, 2020","0.4150","0.4240","0.4410","0.3970","3.23%"
"Nov 10, 2020","0.4020","0.3680","0.4120","0.3660","7.20%"
"Nov 09, 2020","0.3750","0.2670","0.4020","0.2360","34.89%"
"Nov 08, 2020","0.2780","0.2745","0.2780","0.2745","-1.24%"
"Nov 07, 2020","0.2815","0.2820","0.2820","0.2735","1.62%"
"Nov 06, 2020","0.2770","0.2350","0.2860","0.2120","17.37%"
"Nov 05, 2020","0.2360","0.1800","0.2410","0.1730","13.46%"
"Nov 04, 2020","0.2080","0.2120","0.2510","0.2040","-24.36%"
"Nov 03, 2020","0.2750","0.2290","0.2790","0.2290","25.00%"
"Nov 02, 2020","0.2200","0.2550","0.2650","0.2180","-16.03%"
"Nov 01, 2020","0.2620","0.2570","0.2620","0.2570","-1.50%"
"Oct 31, 2020","0.2660","0.2600","0.2660","0.2600","1.14%"
"Oct 30, 2020","0.2630","0.2280","0.2740","0.2260","17.41%"
"Oct 29, 2020","0.2240","0.2150","0.2330","0.2010","4.67%"
"Oct 28, 2020","0.2140","0.2230","0.2260","0.2040","-8.55%"
"Oct 27, 2020","0.2340","0.2830","0.2870","0.2320","-15.52%"
"Oct 26, 2020","0.2770","0.2610","0.2870","0.2490","0.36%"
"Oct 25, 2020","0.2760","0.2830","0.2830","0.2760","2.60%"
"Oct 24, 2020","0.2690","0.2690","0.2690","0.2690","-4.27%"
"Oct 23, 2020","0.2810","0.2800","0.3150","0.2770","-0.71%"
"Oct 22, 2020","0.2830","0.2460","0.2900","0.2440","16.46%"
"Oct 21, 2020","0.2430","0.2030","0.2480","0.2030","29.26%"
"Oct 20, 2020","0.1880","0.1780","0.1980","0.1680","9.94%"
"Oct 19, 2020","0.1710","0.1930","0.2080","0.1680","-2.29%"
"Oct 18, 2020","0.1750","0.1810","0.1810","0.1750","-3.31%"
"Oct 17, 2020","0.1810","0.1810","0.1810","0.1810","-1.09%"
"Oct 16, 2020","0.1830","0.1860","0.1860","0.1520","0.55%"
"Oct 15, 2020","0.1820","0.2060","0.2080","0.1560","-17.65%"
"Oct 14, 2020","0.2210","0.2270","0.2300","0.2090","-8.30%"
"Oct 13, 2020","0.2410","0.2690","0.2730","0.2320","-12.36%"
"Oct 12, 2020","0.2750","0.2710","0.2840","0.2670","0.55%"
"Oct 11, 2020","0.2735","0.2805","0.2805","0.2710","-0.91%"
"Oct 10, 2020","0.2760","0.2760","0.2760","0.2760","-2.82%"
"Oct 09, 2020","0.2840","0.2780","0.2890","0.2560","-1.73%"
"Oct 08, 2020","0.2890","0.3050","0.3060","0.2850","-4.93%"
"Oct 07, 2020","0.3040","0.2670","0.3110","0.2660","6.29%"
"Oct 06, 2020","0.2860","0.2870","0.3010","0.2760","-1.04%"
"Oct 05, 2020","0.2890","0.2400","0.2960","0.2360","15.14%"
"Oct 04, 2020","0.2510","0.2505","0.2510","0.2505","-0.20%"
"Oct 03, 2020","0.2515","0.2455","0.2515","0.2455","1.82%"
"Oct 02, 2020","0.2470","0.2220","0.2560","0.2140","4.22%"
"Oct 01, 2020","0.2370","0.2380","0.2880","0.2240","2.16%"
"Sep 30, 2020","0.2320","0.1810","0.2370","0.1800","26.09%"
"Sep 29, 2020","0.1840","0.1980","0.2050","0.1800","-9.80%"
"Sep 28, 2020","0.2040","0.1970","0.2240","0.1830","8.51%"
"Sep 27, 2020","0.1880","0.1830","0.1880","0.1830","-2.34%"
"Sep 26, 2020","0.1925","0.1870","0.1925","0.1870","1.32%"
"Sep 25, 2020","0.1900","0.2100","0.2190","0.1830","-15.18%"
"Sep 24, 2020","0.2240","0.2070","0.2260","0.1990","2.28%"
"Sep 23, 2020","0.2190","0.2040","0.2300","0.1770","6.83%"
"Sep 22, 2020","0.2050","0.1660","0.2140","0.1540","28.13%"
"Sep 21, 2020","0.1600","0.1880","0.1950","0.1430","-9.60%"
"Sep 20, 2020","0.1770","0.1775","0.1775","0.1770","-3.01%"
"Sep 19, 2020","0.1825","0.1760","0.1825","0.1760","-1.88%"
"Sep 18, 2020","0.1860","0.1930","0.1990","0.1650","-0.53%"
"Sep 17, 2020","0.1870","0.2100","0.2370","0.1580","-12.21%"
"Sep 16, 2020","0.2130","0.2200","0.2240","0.1990","-3.18%"
"Sep 15, 2020","0.2200","0.1900","0.2280","0.1900","11.68%"
"Sep 14, 2020","0.1970","0.1670","0.2050","0.1590","9.14%"
"Sep 13, 2020","0.1805","0.1810","0.1810","0.1805","0.00%"
"Sep 12, 2020","0.1805","0.1805","0.1805","0.1805","-2.43%"
"Sep 11, 2020","0.1850","0.1880","0.2230","0.1780","-19.57%"
"Sep 10, 2020","0.2300","0.2360","0.2550","0.2140","-3.77%"
"Sep 09, 2020","0.2390","0.1700","0.2470","0.1640","25.79%"
"Sep 08, 2020","0.1900","0.2420","0.2530","0.1740","-23.69%"
"Sep 07, 2020","0.2490","0.2790","0.2880","0.2450","-0.20%"
"Sep 06, 2020","0.2495","0.2495","0.2495","0.2495","-6.20%"
"Sep 04, 2020","0.2660","0.2400","0.2710","0.2380","11.76%"
"Sep 03, 2020","0.2380","0.2380","0.2530","0.2200","2.15%"
"Sep 02, 2020","0.2330","0.2820","0.2860","0.2280","-21.81%"
"Sep 01, 2020","0.2980","0.3130","0.3490","0.2960","-4.94%"
"Aug 31, 2020","0.3135","0.3110","0.3135","0.3110","0.97%"
"Aug 30, 2020","0.3105","0.3110","0.3110","0.3105","-0.16%"
"Aug 29, 2020","0.3110","0.3135","0.3135","0.3110","-0.64%"
"Aug 28, 2020","0.3130","0.3570","0.3720","0.3090","-7.40%"
"Aug 27, 2020","0.3380","0.2920","0.3470","0.2650","11.18%"
"Aug 26, 2020","0.3040","0.2900","0.3140","0.2730","15.15%"
"Aug 25, 2020","0.2640","0.2200","0.2820","0.2190","23.94%"
"Aug 24, 2020","0.2130","0.2130","0.2160","0.1930","4.16%"
"Aug 22, 2020","0.2045","0.2045","0.2045","0.2045","-1.21%"
"Aug 21, 2020","0.2070","0.2270","0.2350","0.1960","-8.81%"
"Aug 20, 2020","0.2270","0.2330","0.2410","0.2090","-4.62%"
"Aug 19, 2020","0.2380","0.2180","0.2400","0.1920","9.17%"
"Aug 18, 2020","0.2180","0.2110","0.2390","0.2010","0.00%"
"Aug 17, 2020","0.2180","0.2400","0.2430","0.2150","-11.38%"
"Aug 16, 2020","0.2460","0.2420","0.2460","0.2420","1.44%"
"Aug 15, 2020","0.2425","0.2420","0.2425","0.2420","-0.21%"
"Aug 14, 2020","0.2430","0.2480","0.2610","0.2380","0.00%"
"Aug 13, 2020","0.2430","0.2280","0.2620","0.2120","2.53%"
"Aug 12, 2020","0.2370","0.2230","0.2450","0.2150","17.91%"
"Aug 11, 2020","0.2010","0.1350","0.2100","0.1340","53.44%"
"Aug 10, 2020","0.1310","0.1590","0.1660","0.1140","-7.09%"
"Aug 09, 2020","0.1410","0.1410","0.1410","0.1410","0.71%"
"Aug 07, 2020","0.1400","0.1080","0.1450","0.1020","28.44%"
"Aug 06, 2020","0.1090","0.1410","0.1500","0.0910","-16.79%"
"Aug 05, 2020","0.1310","0.0780","0.1350","0.0760","74.67%"
"Aug 04, 2020","0.0750","0.1010","0.1090","0.0650","-26.47%"
"Aug 03, 2020","0.1020","0.1070","0.1170","0.0950","10.87%"
"Aug 02, 2020","0.0920","0.0920","0.0920","0.0920","-9.80%"
"Aug 01, 2020","0.1020","0.1020","0.1020","0.1020","-2.86%"
"Jul 31, 2020","0.1050","0.0770","0.1100","0.0700","15.38%"
"Jul 30, 2020","0.0910","0.1020","0.1070","0.0740","-24.17%"
"Jul 29, 2020","0.1200","0.1010","0.1230","0.0950","11.11%"
"Jul 28, 2020","0.1080","0.1290","0.1310","0.0980","-1.82%"
"Jul 27, 2020","0.1100","0.1400","0.1450","0.1080","-24.66%"
"Jul 26, 2020","0.1460","0.1430","0.1460","0.1430","2.82%"
"Jul 25, 2020","0.1420","0.1420","0.1420","0.1420","-2.07%"
"Jul 24, 2020","0.1450","0.1100","0.1550","0.1030","16.94%"
"Jul 23, 2020","0.1240","0.1250","0.1270","0.1050","0.81%"
"Jul 22, 2020","0.1230","0.1400","0.1430","0.1170","-10.22%"
"Jul 21, 2020","0.1370","0.1540","0.1620","0.1360","-8.67%"
"Jul 20, 2020","0.1500","0.1740","0.1780","0.1420","-5.06%"
"Jul 19, 2020","0.1580","0.1580","0.1580","0.1580","-5.11%"
"Jul 18, 2020","0.1665","0.1665","0.1665","0.1665","-0.30%"
"Jul 17, 2020","0.1670","0.1380","0.1680","0.1340","19.29%"
"Jul 16, 2020","0.1400","0.1570","0.1600","0.1260","-15.15%"
"Jul 15, 2020","0.1650","0.1580","0.1920","0.1500","10.74%"
"Jul 14, 2020","0.1490","0.1690","0.1710","0.1390","-19.02%"
"Jul 13, 2020","0.1840","0.1690","0.2010","0.1560","25.17%"
"Jul 12, 2020","0.1470","0.1470","0.1470","0.1470","-4.55%"
"Jul 11, 2020","0.1540","0.1585","0.1585","0.1540","-1.28%"
"Jul 10, 2020","0.1560","0.1400","0.1570","0.1270","-2.50%"
"Jul 09, 2020","0.1600","0.1830","0.1870","0.1500","-12.57%"
"Jul 08, 2020","0.1830","0.1600","0.1900","0.1540","1.67%"
"Jul 07, 2020","0.1800","0.1890","0.2040","0.1770","-10.89%"
"Jul 06, 2020","0.2020","0.2040","0.2190","0.1990","8.31%"
"Jul 05, 2020","0.1865","0.1840","0.1865","0.1840","-1.84%"
"Jul 03, 2020","0.1900","0.1910","0.2030","0.1750","2.15%"
"Jul 02, 2020","0.1860","0.2070","0.2190","0.1850","-10.58%"
"Jul 01, 2020","0.2080","0.2040","0.2260","0.1870","20.93%"
"Jun 30, 2020","0.1720","0.1520","0.1760","0.1410","5.52%"
"Jun 29, 2020","0.1630","0.1900","0.1900","0.1520","-4.12%"
"Jun 28, 2020","0.1700","0.1700","0.1700","0.1700","-0.87%"
"Jun 27, 2020","0.1715","0.1740","0.1740","0.1715","-0.87%"
"Jun 26, 2020","0.1730","0.1530","0.1850","0.1500","11.61%"
"Jun 25, 2020","0.1550","0.1720","0.1770","0.1380","-17.99%"
"Jun 24, 2020","0.1890","0.2140","0.2350","0.1870","-11.68%"
"Jun 23, 2020","0.2140","0.1980","0.2210","0.1980","9.74%"
"Jun 22, 2020","0.1950","0.2350","0.2400","0.1870","-15.95%"
"Jun 21, 2020","0.2320","0.2320","0.2320","0.2320","0.00%"
"Jun 19, 2020","0.2320","0.2330","0.2630","0.2300","2.65%"
"Jun 18, 2020","0.2260","0.1890","0.2520","0.1630","18.95%"
"Jun 17, 2020","0.1900","0.2040","0.2280","0.1790","-7.77%"
"Jun 16, 2020","0.2060","0.2280","0.2450","0.1870","-1.44%"
"Jun 15, 2020","0.2090","0.1820","0.2110","0.1740","1.46%"
"Jun 14, 2020","0.2060","0.2060","0.2060","0.2060","-0.96%"
"Jun 12, 2020","0.2080","0.1950","0.2300","0.1900","5.05%"
"Jun 11, 2020","0.1980","0.2230","0.2360","0.1810","-26.67%"
"Jun 10, 2020","0.2700","0.3330","0.3340","0.2650","-19.40%"
"Jun 09, 2020","0.3350","0.3330","0.3390","0.3060","0.00%"
"Jun 08, 2020","0.3350","0.3490","0.3610","0.3280","-6.69%"
"Jun 07, 2020","0.3590","0.3590","0.3590","0.3590","1.56%"
"Jun 06, 2020","0.3535","0.3535","0.3535","0.3535","-0.42%"
"Jun 05, 2020","0.3550","0.3340","0.3760","0.3170","15.26%"
"Jun 04, 2020","0.3080","0.2780","0.3220","0.2580","12.41%"
"Jun 03, 2020","0.2740","0.2450","0.2870","0.2390","23.42%"
"Jun 02, 2020","0.2220","0.2130","0.2330","0.2000","-3.90%"
"Jun 01, 2020","0.2310","0.1950","0.2390","0.1900","26.58%"
"May 30, 2020","0.1825","0.1825","0.1825","0.1825","-1.35%"
"May 29, 2020","0.1850","0.1890","0.2010","0.1750","-12.74%"
"May 28, 2020","0.2120","0.2000","0.2160","0.1880","10.42%"
"May 27, 2020","0.1920","0.2040","0.2310","0.1850","-10.28%"
"May 26, 2020","0.2140","0.2000","0.2180","0.1810","23.34%"
"May 25, 2020","0.1735","0.1725","0.1735","0.1725","2.06%"
"May 24, 2020","0.1700","0.1700","0.1700","0.1700","-2.30%"
"May 22, 2020","0.1740","0.1580","0.1900","0.1340","0.58%"
"May 21, 2020","0.1730","0.2130","0.2160","0.1680","-24.45%"
"May 20, 2020","0.2290","0.2430","0.2470","0.2190","-7.29%"
"May 19, 2020","0.2470","0.2560","0.2950","0.2290","-3.14%"
"May 18, 2020","0.2550","0.2390","0.2640","0.2020","13.33%"
"May 17, 2020","0.2250","0.2250","0.2250","0.2250","-3.02%"
"May 16, 2020","0.2320","0.2320","0.2320","0.2320","-0.43%"
"May 15, 2020","0.2330","0.1970","0.2340","0.1810","13.11%"
"May 14, 2020","0.2060","0.1950","0.2280","0.1910","-0.96%"
"May 13, 2020","0.2080","0.2310","0.2360","0.2070","-16.47%"
"May 12, 2020","0.2490","0.2880","0.2900","0.2390","-7.78%"
"May 11, 2020","0.2700","0.2490","0.2760","0.2470","16.13%"
"May 08, 2020","0.2325","0.2325","0.2325","0.2325","-1.06%"
"May 07, 2020","0.2350","0.2430","0.2740","0.2310","1.29%"
"May 06, 2020","0.2320","0.2230","0.2480","0.2120","12.62%"
"May 05, 2020","0.2060","0.2500","0.2530","0.2040","-11.21%"
"May 04, 2020","0.2320","0.2510","0.2570","0.2240","-5.88%"
"May 02, 2020","0.2465","0.2465","0.2465","0.2465","0.20%"
"May 01, 2020","0.2460","0.2350","0.2730","0.2230","8.37%"
"Apr 30, 2020","0.2270","0.2830","0.2970","0.2270","-20.35%"
"Apr 29, 2020","0.2850","0.2840","0.2940","0.2670","-0.35%"
"Apr 28, 2020","0.2860","0.2990","0.3120","0.2810","-4.98%"
"Apr 27, 2020","0.3010","0.2870","0.3140","0.2820","5.24%"
"Apr 26, 2020","0.2860","0.2895","0.2895","0.2860","-2.05%"
"Apr 24, 2020","0.2920","0.2690","0.3050","0.2580","-0.34%"
"Apr 23, 2020","0.2930","0.3500","0.3670","0.2800","-10.12%"
"Apr 22, 2020","0.3260","0.3080","0.3270","0.3020","9.40%"
"Apr 21, 2020","0.2980","0.3300","0.3330","0.2880","-11.31%"
"Apr 20, 2020","0.3360","0.3100","0.3400","0.3010","13.71%"
"Apr 19, 2020","0.2955","0.2955","0.2955","0.2955","-2.15%"
"Apr 17, 2020","0.3020","0.3080","0.3130","0.2840","0.67%"
"Apr 16, 2020","0.3000","0.3090","0.3170","0.2860","-0.33%"
"Apr 15, 2020","0.3010","0.3160","0.3240","0.2940","-11.21%"
"Apr 14, 2020","0.3390","0.3150","0.3420","0.2980","10.97%"
"Apr 13, 2020","0.3055","0.3055","0.3055","0.3055","0.99%"
"Apr 11, 2020","0.3025","0.3025","0.3025","0.3025","-0.98%"
"Apr 10, 2020","0.3055","0.3055","0.3055","0.3055","0.16%"
"Apr 09, 2020","0.3050","0.3750","0.3800","0.3030","-19.95%"
"Apr 08, 2020","0.3810","0.3820","0.3960","0.3650","-7.75%"
"Apr 07, 2020","0.4130","0.3610","0.4140","0.3360","24.77%"
"Apr 06, 2020","0.3310","0.3490","0.3580","0.3230","4.75%"
"Apr 05, 2020","0.3160","0.3160","0.3160","0.3160","1.28%"
"Apr 03, 2020","0.3120","0.3260","0.3310","0.3040","-5.74%"
"Apr 02, 2020","0.3310","0.3370","0.3470","0.3010","5.75%"
"Apr 01, 2020","0.3130","0.3100","0.3260","0.2830","-11.83%"
"Mar 31, 2020","0.3550","0.3820","0.4190","0.3220","7.90%"
"Mar 30, 2020","0.3290","0.3170","0.3320","0.2710","-6.27%"
"Mar 29, 2020","0.3510","0.3610","0.3610","0.3510","-3.31%"
"Mar 27, 2020","0.3630","0.3640","0.3950","0.3200","-8.79%"
"Mar 26, 2020","0.3980","0.4110","0.4200","0.3700","-10.36%"
"Mar 25, 2020","0.4440","0.4720","0.5100","0.4160","-7.31%"
"Mar 24, 2020","0.4790","0.4370","0.4830","0.4190","14.87%"
"Mar 23, 2020","0.4170","0.5170","0.5390","0.4050","-22.92%"
"Mar 22, 2020","0.5410","0.5410","0.5410","0.5410","-2.87%"
"Mar 20, 2020","0.5570","0.6530","0.6540","0.4850","-22.32%"
"Mar 19, 2020","0.7170","0.7910","1.0580","0.6990","-9.24%"
"Mar 18, 2020","0.7900","0.6820","0.7910","0.6680","42.34%"
"Mar 17, 2020","0.5550","0.4860","0.5740","0.4630","28.18%"
"Mar 16, 2020","0.4330","0.4150","0.4680","0.3560","5.61%"
"Mar 13, 2020","0.4100","0.2940","0.4180","0.2940","53.56%"
"Mar 12, 2020","0.2670","0.2540","0.2950","0.2050","-7.93%"
"Mar 11, 2020","0.2900","0.2720","0.3100","0.2480","20.33%"
"Mar 10, 2020","0.2410","0.2280","0.3340","0.2050","51.57%"
"Mar 09, 2020","0.1590","0.0980","0.1760","0.0740","-31.47%"
"Mar 06, 2020","0.2320","0.2910","0.3000","0.2030","-30.75%"
"Mar 05, 2020","0.3350","0.3860","0.3980","0.3280","-9.46%"
"Mar 04, 2020","0.3700","0.3640","0.3940","0.3360","-4.88%"
"Mar 03, 2020","0.3890","0.4210","0.4640","0.3730","-5.58%"
"Mar 02, 2020","0.4120","0.4560","0.4560","0.3620","-8.04%"
"Feb 29, 2020","0.4480","0.4480","0.4480","0.4480","1.82%"
"Feb 28, 2020","0.4400","0.4110","0.4540","0.3980","-6.78%"
"Feb 27, 2020","0.4720","0.4940","0.5050","0.4330","-6.53%"
"Feb 26, 2020","0.5050","0.5270","0.5320","0.4710","-3.26%"
"Feb 25, 2020","0.5220","0.5650","0.5680","0.5050","-3.33%"
"Feb 24, 2020","0.5400","0.5640","0.5650","0.5080","-5.92%"
"Feb 21, 2020","0.5740","0.5640","0.5920","0.5500","-0.69%"
"Feb 20, 2020","0.5780","0.5940","0.6040","0.5750","-3.83%"
"Feb 19, 2020","0.6010","0.6230","0.6270","0.5920","-2.12%"
"Feb 18, 2020","0.6140","0.6200","0.6320","0.6090","-4.51%"
"Feb 17, 2020","0.6430","0.6360","0.6520","0.6250","2.72%"
"Feb 15, 2020","0.6260","0.6260","0.6260","0.6260","-0.48%"
"Feb 14, 2020","0.6290","0.6460","0.6490","0.6060","-3.38%"
"Feb 13, 2020","0.6510","0.5870","0.6600","0.5720","6.20%"
"Feb 12, 2020","0.6130","0.5930","0.6200","0.5880","7.54%"
"Feb 11, 2020","0.5700","0.5660","0.5920","0.5560","2.15%"
"Feb 10, 2020","0.5580","0.5700","0.5810","0.5510","-1.67%"
"Feb 09, 2020","0.5675","0.5675","0.5675","0.5675","-0.44%"
"Feb 07, 2020","0.5700","0.5830","0.5900","0.5550","-2.40%"
"Feb 06, 2020","0.5840","0.6110","0.6280","0.5830","-5.35%"
"Feb 05, 2020","0.6170","0.5520","0.6230","0.5470","8.82%"
"Feb 04, 2020","0.5670","0.5330","0.5690","0.5330","10.10%"
"Feb 03, 2020","0.5150","0.5250","0.5470","0.5090","-0.77%"
"Feb 02, 2020","0.5190","0.5190","0.5190","0.5190","-1.05%"
"Feb 01, 2020","0.5245","0.5245","0.5245","0.5245","-0.29%"
"Jan 31, 2020","0.5260","0.5480","0.5630","0.5150","-3.31%"
"Jan 30, 2020","0.5440","0.5070","0.5640","0.4750","5.02%"
"Jan 29, 2020","0.5180","0.5410","0.5480","0.5170","-6.33%"
"Jan 28, 2020","0.5530","0.5070","0.5570","0.4920","8.64%"
"Jan 27, 2020","0.5090","0.5450","0.5510","0.5020","-9.75%"
"Jan 24, 2020","0.5640","0.6040","0.6180","0.5560","-4.89%"
"Jan 23, 2020","0.5930","0.6220","0.6320","0.5850","-6.91%"
"Jan 22, 2020","0.6370","0.6400","0.6580","0.6170","0.79%"
"Jan 21, 2020","0.6320","0.6460","0.6710","0.6220","-2.92%"
"Jan 20, 2020","0.6510","0.6290","0.6540","0.6150","2.68%"
"Jan 19, 2020","0.6340","0.6340","0.6340","0.6340","0.16%"
"Jan 17, 2020","0.6330","0.6560","0.6590","0.6120","-1.86%"
"Jan 16, 2020","0.6450","0.6580","0.6650","0.6320","-1.38%"
"Jan 15, 2020","0.6540","0.7210","0.7210","0.6300","-9.54%"
"Jan 14, 2020","0.7230","0.7480","0.7490","0.7150","-3.73%"
"Jan 13, 2020","0.7510","0.7620","0.7620","0.7290","-3.35%"
"Jan 12, 2020","0.7770","0.7740","0.7770","0.7740","0.91%"
"Jan 10, 2020","0.7700","0.8110","0.8140","0.7680","-6.44%"
"Jan 09, 2020","0.8230","0.8340","0.8400","0.7890","0.12%"
"Jan 08, 2020","0.8220","0.7870","0.8230","0.7810","3.66%"
"Jan 07, 2020","0.7930","0.7890","0.8210","0.7710","2.85%"
"Jan 06, 2020","0.7710","0.7230","0.7800","0.7160","3.98%"
"Jan 05, 2020","0.7415","0.7415","0.7415","0.7415","0.20%"
"Jan 03, 2020","0.7400","0.7560","0.7640","0.7230","-6.68%"
"Jan 02, 2020","0.7930","0.8680","0.8770","0.7710","-2.58%"
"Jan 01, 2020","0.8140","0.8140","0.8140","0.8140","-1.33%"
"Dec 31, 2019","0.8250","0.8560","0.8710","0.8120","-4.62%"
"Dec 30, 2019","0.8650","0.7810","0.8700","0.7710","14.42%"
"Dec 27, 2019","0.7560","0.7740","0.7750","0.7470","-2.07%"
"Dec 24, 2019","0.7720","0.8040","0.8130","0.7530","-0.39%"
"Dec 23, 2019","0.7750","0.7650","0.7840","0.7440","-0.77%"
"Dec 22, 2019","0.7810","0.7810","0.7810","0.7810","-0.38%"
"Dec 20, 2019","0.7840","0.8020","0.8260","0.7830","-2.37%"
"Dec 19, 2019","0.8030","0.7890","0.8250","0.7840","3.35%"
"Dec 18, 2019","0.7770","0.7620","0.7910","0.7420","1.70%"
"Dec 17, 2019","0.7640","0.7910","0.7930","0.7600","-7.39%"
"Dec 16, 2019","0.8250","0.7970","0.8280","0.7540","4.30%"
"Dec 13, 2019","0.7910","0.8950","0.8950","0.7870","-3.77%"
"Dec 12, 2019","0.8220","0.7770","0.8310","0.7330","6.06%"
"Dec 11, 2019","0.7750","0.7900","0.7940","0.7690","-3.25%"
"Dec 10, 2019","0.8010","0.7710","0.8040","0.7660","4.71%"
"Dec 09, 2019","0.7650","0.7660","0.7750","0.7400","0.33%"
"Dec 08, 2019","0.7625","0.7625","0.7625","0.7625","-1.36%"
"Dec 06, 2019","0.7730","0.7760","0.7850","0.7450","-0.26%"
"Dec 05, 2019","0.7750","0.7430","0.7930","0.7420","4.45%"
"Dec 04, 2019","0.7420","0.6740","0.7430","0.6520","10.75%"
"Dec 03, 2019","0.6700","0.7530","0.7650","0.6660","-9.58%"
"Dec 02, 2019","0.7410","0.7200","0.7620","0.7200","6.16%"
"Dec 01, 2019","0.6980","0.6980","0.6980","0.6980","-0.29%"
"Nov 29, 2019","0.7000","0.6750","0.7130","0.6630","3.40%"
"Nov 28, 2019","0.6770","0.6860","0.6890","0.6600","-0.15%"
"Nov 27, 2019","0.6780","0.6440","0.6840","0.6410","3.83%"
"Nov 26, 2019","0.6530","0.6990","0.7010","0.6350","-6.31%"
"Nov 25, 2019","0.6970","0.7100","0.7250","0.6810","-0.85%"
"Nov 24, 2019","0.7030","0.7030","0.7030","0.7030","-0.57%"
"Nov 22, 2019","0.7070","0.7730","0.7770","0.6910","-6.48%"
"Nov 21, 2019","0.7560","0.7290","0.7730","0.7140","3.28%"
"Nov 20, 2019","0.7320","0.6920","0.7320","0.6800","-0.27%"
"Nov 19, 2019","0.7340","0.7570","0.7630","0.7270","-2.26%"
"Nov 18, 2019","0.7510","0.7490","0.7640","0.7280","4.02%"
"Nov 17, 2019","0.7220","0.7220","0.7220","0.7220","-0.96%"
"Nov 15, 2019","0.7290","0.7270","0.7370","0.7100","2.68%"
"Nov 14, 2019","0.7100","0.7570","0.7570","0.7090","-6.58%"
"Nov 13, 2019","0.7600","0.8060","0.8070","0.7380","-5.82%"
"Nov 12, 2019","0.8070","0.8110","0.8330","0.7950","-0.49%"
"Nov 11, 2019","0.8110","0.7920","0.8140","0.7700","2.66%"
"Nov 10, 2019","0.7900","0.7900","0.7900","0.7900","-0.13%"
"Nov 08, 2019","0.7910","0.7720","0.8320","0.7630","-0.13%"
"Nov 07, 2019","0.7920","0.7290","0.7930","0.7230","10.77%"
"Nov 06, 2019","0.7150","0.7660","0.7800","0.7140","-7.62%"
"Nov 05, 2019","0.7740","0.7500","0.7770","0.7170","7.05%"
"Nov 04, 2019","0.7230","0.6720","0.7260","0.6700","8.89%"
"Nov 01, 2019","0.6640","0.6310","0.6730","0.6200","5.23%"
"Oct 31, 2019","0.6310","0.6610","0.6610","0.6110","-8.02%"
"Oct 30, 2019","0.6860","0.7200","0.7250","0.6790","-3.52%"
"Oct 29, 2019","0.7110","0.7140","0.7270","0.6860","-1.39%"
"Oct 28, 2019","0.7210","0.6720","0.7280","0.6660","9.33%"
"Oct 27, 2019","0.6595","0.6595","0.6595","0.6595","-3.44%"
"Oct 25, 2019","0.6830","0.6540","0.6830","0.6350","9.63%"
"Oct 24, 2019","0.6230","0.6810","0.7070","0.6220","-9.05%"
"Oct 23, 2019","0.6850","0.6680","0.6980","0.6520","-4.06%"
"Oct 22, 2019","0.7140","0.7440","0.7460","0.6920","-4.93%"
"Oct 21, 2019","0.7510","0.7190","0.7770","0.7190","5.92%"
"Oct 20, 2019","0.7090","0.7090","0.7090","0.7090","0.00%"
"Oct 18, 2019","0.7090","0.7060","0.7350","0.7020","4.57%"
"Oct 17, 2019","0.6780","0.6850","0.7930","0.6670","-5.44%"
"Oct 16, 2019","0.7170","0.6860","0.7220","0.6290","3.46%"
"Oct 15, 2019","0.6930","0.6480","0.7240","0.6160","8.45%"
"Oct 14, 2019","0.6390","0.6390","0.6580","0.6110","-10.00%"
"Oct 13, 2019","0.7100","0.7100","0.7100","0.7100","0.57%"
"Oct 11, 2019","0.7060","0.5690","0.7160","0.5530","19.66%"
"Oct 10, 2019","0.5900","0.4680","0.5910","0.4550","27.43%"
"Oct 09, 2019","0.4630","0.4230","0.4700","0.4230","11.03%"
"Oct 08, 2019","0.4170","0.4580","0.4680","0.4070","-7.54%"
"Oct 07, 2019","0.4510","0.4420","0.4600","0.4330","2.97%"
"Oct 06, 2019","0.4380","0.4500","0.4500","0.4380","-2.67%"
"Oct 05, 2019","0.4500","0.4500","0.4500","0.4500","1.35%"
"Oct 04, 2019","0.4440","0.4660","0.4670","0.4320","-6.13%"
"Oct 03, 2019","0.4730","0.4730","0.4860","0.4440","-6.15%"
"Oct 02, 2019","0.5040","0.5020","0.5290","0.4870","7.01%"
"Oct 01, 2019","0.4710","0.5000","0.5720","0.4670","-3.09%"
"Sep 30, 2019","0.4860","0.5110","0.5160","0.4670","0.41%"
"Sep 29, 2019","0.4840","0.4840","0.4840","0.4840","0.00%"
"Sep 28, 2019","0.4840","0.4840","0.4840","0.4840","-2.81%"
"Sep 27, 2019","0.4980","0.5270","0.5270","0.4700","-4.23%"
"Sep 26, 2019","0.5200","0.5300","0.5490","0.5140","-2.62%"
"Sep 25, 2019","0.5340","0.5340","0.5580","0.4930","0.95%"
"Sep 24, 2019","0.5290","0.5510","0.5850","0.5240","-3.82%"
"Sep 23, 2019","0.5500","0.6230","0.6350","0.5340","-12.70%"
"Sep 22, 2019","0.6300","0.6300","0.6300","0.6300","0.32%"
"Sep 20, 2019","0.6280","0.6580","0.6690","0.6150","-1.26%"
"Sep 19, 2019","0.6360","0.6590","0.6780","0.6180","-0.93%"
"Sep 18, 2019","0.6420","0.7010","0.7010","0.6400","-7.76%"
"Sep 17, 2019","0.6960","0.6890","0.7040","0.6620","0.58%"
"Sep 16, 2019","0.6920","0.7540","0.7630","0.6890","-9.19%"
"Sep 15, 2019","0.7620","0.7620","0.7620","0.7620","0.13%"
"Sep 13, 2019","0.7610","0.6710","0.7670","0.6700","13.58%"
"Sep 12, 2019","0.6700","0.6360","0.6780","0.5740","5.02%"
"Sep 11, 2019","0.6380","0.6520","0.6810","0.6270","-0.47%"
"Sep 10, 2019","0.6410","0.6040","0.6410","0.5780","8.28%"
"Sep 09, 2019","0.5920","0.5060","0.6020","0.5060","16.77%"
"Sep 08, 2019","0.5070","0.5070","0.5070","0.5070","0.60%"
"Sep 06, 2019","0.5040","0.5980","0.5980","0.4960","-15.86%"
"Sep 05, 2019","0.5990","0.5270","0.6380","0.4930","21.50%"
"Sep 04, 2019","0.4930","0.4330","0.5120","0.4320","20.83%"
"Sep 03, 2019","0.4080","0.4080","0.4100","0.3410","-2.16%"
"Sep 02, 2019","0.4170","0.4810","0.4830","0.4160","-13.49%"
"Sep 01, 2019","0.4820","0.4820","0.4820","0.4820","0.63%"
"Aug 30, 2019","0.4790","0.4380","0.4820","0.4360","9.61%"
"Aug 29, 2019","0.4370","0.4400","0.4600","0.4300","-1.58%"
"Aug 28, 2019","0.4440","0.5020","0.5020","0.4360","-11.90%"
"Aug 27, 2019","0.5040","0.5540","0.5660","0.5020","-11.11%"
"Aug 26, 2019","0.5670","0.5670","0.5670","0.5670","18.37%"
"Aug 23, 2019","0.4790","0.5340","0.5680","0.4770","-7.53%"
"Aug 22, 2019","0.5180","0.4600","0.5300","0.4560","9.05%"
"Aug 21, 2019","0.4750","0.4680","0.4910","0.4510","5.09%"
"Aug 20, 2019","0.4520","0.4670","0.4710","0.4180","-3.42%"
"Aug 19, 2019","0.4680","0.4660","0.5170","0.4630","0.00%"
"Aug 18, 2019","0.4680","0.4680","0.4680","0.4680","0.86%"
"Aug 16, 2019","0.4640","0.4210","0.4930","0.4130","14.00%"
"Aug 15, 2019","0.4070","0.4430","0.4620","0.4050","-8.74%"
"Aug 14, 2019","0.4460","0.4880","0.4940","0.4430","-9.53%"
"Aug 13, 2019","0.4930","0.4650","0.5230","0.4590","0.82%"
"Aug 12, 2019","0.4890","0.4910","0.5080","0.4820","0.41%"
"Aug 10, 2019","0.4870","0.4880","0.4880","0.4870","0.41%"
"Aug 09, 2019","0.4850","0.5040","0.5130","0.4740","-7.09%"
"Aug 08, 2019","0.5220","0.5110","0.5370","0.5030","6.75%"
"Aug 07, 2019","0.4890","0.4950","0.4990","0.4320","-4.86%"
"Aug 06, 2019","0.5140","0.5070","0.5370","0.5010","0.19%"
"Aug 05, 2019","0.5130","0.5040","0.5240","0.4910","-7.07%"
"Aug 02, 2019","0.5520","0.5360","0.5730","0.5330","-7.23%"
"Aug 01, 2019","0.5950","0.6240","0.6320","0.5720","-2.30%"
"Jul 31, 2019","0.6090","0.6270","0.6480","0.6080","-4.09%"
"Jul 30, 2019","0.6350","0.6280","0.6590","0.6260","-3.05%"
"Jul 29, 2019","0.6550","0.6710","0.6730","0.6290","-4.66%"
"Jul 26, 2019","0.6870","0.6900","0.7100","0.6820","-3.38%"
"Jul 25, 2019","0.7110","0.6640","0.7310","0.6430","4.71%"
"Jul 24, 2019","0.6790","0.6940","0.7020","0.6680","-1.88%"
"Jul 23, 2019","0.6920","0.7270","0.7270","0.6820","-2.40%"
"Jul 22, 2019","0.7090","0.7460","0.7470","0.7080","-3.41%"
"Jul 19, 2019","0.7340","0.7520","0.7550","0.7310","-3.55%"
"Jul 18, 2019","0.7610","0.7430","0.7730","0.7350","0.26%"
"Jul 17, 2019","0.7590","0.7890","0.8040","0.7560","-7.44%"
"Jul 16, 2019","0.8200","0.7990","0.8210","0.7750","2.50%"
"Jul 15, 2019","0.8000","0.8370","0.8370","0.7890","-4.53%"
"Jul 13, 2019","0.8380","0.8380","0.8380","0.8380","0.24%"
"Jul 12, 2019","0.8360","0.8490","0.8530","0.8210","-0.12%"
"Jul 11, 2019","0.8370","0.7560","0.8440","0.7480","10.13%"
"Jul 10, 2019","0.7600","0.7580","0.7890","0.7390","5.56%"
"Jul 09, 2019","0.7200","0.7190","0.7430","0.7090","0.70%"
"Jul 08, 2019","0.7150","0.7190","0.7190","0.6940","-3.25%"
"Jul 07, 2019","0.7390","0.7390","0.7390","0.7390","0.14%"
"Jul 05, 2019","0.7380","0.6780","0.7500","0.6680","8.85%"
"Jul 04, 2019","0.6780","0.6890","0.7030","0.6540","-2.02%"
"Jul 03, 2019","0.6920","0.7010","0.7090","0.6700","-4.16%"
"Jul 02, 2019","0.7220","0.8060","0.8080","0.7200","-11.30%"
"Jul 01, 2019","0.8140","0.8550","0.8580","0.7970","-2.40%"
"Jun 29, 2019","0.8340","0.8340","0.8340","0.8340","0.24%"
"Jun 28, 2019","0.8320","0.8360","0.8450","0.8210","1.09%"
"Jun 27, 2019","0.8230","0.8570","0.8630","0.8220","-0.96%"
"Jun 26, 2019","0.8310","0.8010","0.8320","0.7930","4.66%"
"Jun 25, 2019","0.7940","0.8180","0.8230","0.7850","-2.82%"
"Jun 24, 2019","0.8170","0.8290","0.8300","0.8030","-3.20%"
"Jun 21, 2019","0.8440","0.8250","0.8550","0.8180","4.20%"
"Jun 20, 2019","0.8100","0.8220","0.8390","0.7960","-6.47%"
"Jun 19, 2019","0.8660","0.8070","0.8690","0.8070","7.31%"
"Jun 18, 2019","0.8070","0.8390","0.8490","0.7880","-5.06%"
"Jun 17, 2019","0.8500","0.8500","0.8630","0.8400","0.00%"
"Jun 16, 2019","0.8500","0.8500","0.8500","0.8500","0.24%"
"Jun 14, 2019","0.8480","0.8150","0.8620","0.8080","1.31%"
"Jun 13, 2019","0.8370","0.8530","0.8560","0.8250","-3.68%"
"Jun 12, 2019","0.8690","0.8440","0.8840","0.8320","1.16%"
"Jun 11, 2019","0.8590","0.8330","0.8730","0.8310","2.14%"
"Jun 10, 2019","0.8410","0.8370","0.8540","0.8270","3.32%"
"Jun 07, 2019","0.8140","0.8410","0.8560","0.8080","-1.45%"
"Jun 06, 2019","0.8260","0.8560","0.8750","0.8260","-4.51%"
"Jun 05, 2019","0.8650","0.8780","0.8950","0.8410","-4.21%"
"Jun 04, 2019","0.9030","0.8550","0.9070","0.8540","4.63%"
"Jun 03, 2019","0.8630","0.8790","0.8830","0.8570","-2.92%"
"Jun 02, 2019","0.8890","0.8890","0.8890","0.8890","0.11%"
"May 31, 2019","0.8880","0.8690","0.8950","0.8540","-1.11%"
"May 30, 2019","0.8980","0.9200","0.9350","0.8970","0.56%"
"May 29, 2019","0.8930","0.9100","0.9190","0.8920","-2.72%"
"May 28, 2019","0.9180","0.9330","0.9410","0.9160","-4.28%"
"May 27, 2019","0.9590","0.9590","0.9590","0.9590","0.31%"
"May 24, 2019","0.9560","0.9620","0.9790","0.9460","0.21%"
"May 23, 2019","0.9540","0.9910","1.0000","0.9520","-5.92%"
"May 22, 2019","1.0140","1.0580","1.0630","1.0140","-6.46%"
"May 21, 2019","1.0840","1.0750","1.1010","1.0490","2.65%"
"May 20, 2019","1.0560","1.0410","1.0670","1.0400","1.93%"
"May 19, 2019","1.0360","1.0360","1.0360","1.0360","0.10%"
"May 17, 2019","1.0350","1.0560","1.0700","1.0080","-3.63%"
"May 16, 2019","1.0740","1.0540","1.0780","1.0330","0.47%"
"May 15, 2019","1.0690","1.0900","1.0920","1.0310","-3.35%"
"May 14, 2019","1.1060","1.1120","1.1210","1.0900","0.55%"
"May 13, 2019","1.1000","1.1340","1.1360","1.0950","-3.25%"
"May 10, 2019","1.1370","1.1310","1.1380","1.1150","1.16%"
"May 09, 2019","1.1240","1.1290","1.1340","1.0950","-1.14%"
"May 08, 2019","1.1370","1.1600","1.1620","1.0960","-1.73%"
"May 07, 2019","1.1570","1.2030","1.2030","1.1570","-4.93%"
"May 06, 2019","1.2170","1.2170","1.2170","1.2170","-0.41%"
"May 05, 2019","1.2220","1.2220","1.2220","1.2220","0.25%"
"May 03, 2019","1.2190","1.1960","1.2240","1.1750","2.70%"
"May 02, 2019","1.1870","1.1880","1.1970","1.1380","3.13%"
"May 01, 2019","1.1510","1.1830","1.1900","1.1480","-2.95%"
"Apr 30, 2019","1.1860","1.1610","1.2150","1.1460","2.42%"
"Apr 29, 2019","1.1580","1.1550","1.1660","1.1460","1.14%"
"Apr 27, 2019","1.1450","1.1450","1.1450","1.1450","0.17%"
"Apr 26, 2019","1.1430","1.1510","1.1630","1.1300","-1.12%"
"Apr 25, 2019","1.1560","1.1710","1.1820","1.1490","-1.78%"
"Apr 24, 2019","1.1770","1.2100","1.2100","1.1690","-4.07%"
"Apr 23, 2019","1.2270","1.2090","1.2320","1.2090","3.02%"
"Apr 22, 2019","1.1910","1.1910","1.1910","1.1910","-0.67%"
"Apr 21, 2019","1.1990","1.1990","1.1990","1.1990","0.25%"
"Apr 18, 2019","1.1960","1.2400","1.2440","1.1920","-3.31%"
"Apr 17, 2019","1.2370","1.2320","1.2480","1.2290","1.23%"
"Apr 16, 2019","1.2220","1.2160","1.2360","1.2060","0.16%"
"Apr 15, 2019","1.2200","1.2130","1.2420","1.2110","0.41%"
"Apr 13, 2019","1.2150","1.2150","1.2150","1.2150","0.16%"
"Apr 12, 2019","1.2130","1.1440","1.2200","1.1250","5.48%"
"Apr 11, 2019","1.1500","1.1050","1.1570","1.1050","4.83%"
"Apr 10, 2019","1.0970","1.1080","1.1280","1.0880","-0.63%"
"Apr 09, 2019","1.1040","1.1100","1.1250","1.0950","-0.99%"
"Apr 08, 2019","1.1150","1.1130","1.1200","1.1000","-0.36%"
"Apr 07, 2019","1.1190","1.1190","1.1190","1.1190","0.18%"
"Apr 05, 2019","1.1170","1.1040","1.1350","1.0990","2.95%"
"Apr 04, 2019","1.0850","1.0900","1.0980","1.0740","-1.09%"
"Apr 03, 2019","1.0970","1.0740","1.0990","1.0600","9.15%"
"Apr 02, 2019","1.0050","1.0220","1.0310","0.9950","-4.10%"
"Apr 01, 2019","1.0480","1.0260","1.0490","0.9990","5.12%"
"Mar 30, 2019","0.9970","0.9970","0.9970","0.9970","0.10%"
"Mar 29, 2019","0.9960","0.9920","1.0330","0.9780","-0.30%"
"Mar 28, 2019","0.9990","0.9980","1.0130","0.9680","-1.67%"
"Mar 27, 2019","1.0160","0.9860","1.0230","0.9750","0.79%"
"Mar 26, 2019","1.0080","0.9980","1.0210","0.9910","2.23%"
"Mar 25, 2019","0.9860","1.0210","1.0470","0.9800","-2.86%"
"Mar 22, 2019","1.0150","1.0840","1.0910","1.0050","-4.61%"
"Mar 21, 2019","1.0640","1.1070","1.1150","1.0510","-8.04%"
"Mar 20, 2019","1.1570","1.1840","1.1880","1.1420","-2.53%"
"Mar 19, 2019","1.1870","1.1910","1.2220","1.1750","-0.84%"
"Mar 18, 2019","1.1970","1.2110","1.2190","1.1770","-1.48%"
"Mar 17, 2019","1.2150","1.2150","1.2150","1.2150","0.25%"
"Mar 15, 2019","1.2120","1.2080","1.2360","1.1910","-0.98%"
"Mar 14, 2019","1.2240","1.2250","1.2480","1.2110","2.17%"
"Mar 13, 2019","1.1980","1.1780","1.2060","1.1740","3.01%"
"Mar 12, 2019","1.1630","1.2070","1.2490","1.1620","-1.52%"
"Mar 11, 2019","1.1810","1.1930","1.1980","1.1600","-0.76%"
"Mar 08, 2019","1.1900","1.1740","1.1990","1.1700","1.54%"
"Mar 07, 2019","1.1720","1.2340","1.2370","1.1590","-4.48%"
"Mar 06, 2019","1.2270","1.2680","1.2760","1.2220","-4.74%"
"Mar 05, 2019","1.2880","1.2830","1.2940","1.2650","1.02%"
"Mar 04, 2019","1.2750","1.3040","1.3190","1.2700","-1.85%"
"Mar 03, 2019","1.2990","1.2990","1.2990","1.2990","0.23%"
"Mar 01, 2019","1.2960","1.3090","1.3260","1.2940","-0.54%"
"Feb 28, 2019","1.3030","1.2660","1.3180","1.2580","2.28%"
"Feb 27, 2019","1.2740","1.2070","1.2910","1.2030","5.55%"
"Feb 26, 2019","1.2070","1.1810","1.2170","1.1750","2.81%"
"Feb 25, 2019","1.1740","1.1670","1.1830","1.1660","1.21%"
"Feb 23, 2019","1.1600","1.1600","1.1600","1.1600","0.17%"
"Feb 22, 2019","1.1580","1.1790","1.1880","1.1430","-3.66%"
"Feb 21, 2019","1.2020","1.1860","1.2270","1.1860","1.78%"
"Feb 20, 2019","1.1810","1.1710","1.1860","1.1570","0.85%"
"Feb 19, 2019","1.1710","1.1610","1.1760","1.1460","0.34%"
"Feb 18, 2019","1.1670","1.1630","1.1750","1.1510","0.26%"
"Feb 17, 2019","1.1640","1.1640","1.1640","1.1640","0.26%"
"Feb 15, 2019","1.1610","1.1420","1.1720","1.1410","0.96%"
"Feb 14, 2019","1.1500","1.1790","1.1840","1.1220","-2.87%"
"Feb 13, 2019","1.1840","1.1920","1.2060","1.1610","-0.34%"
"Feb 12, 2019","1.1880","1.2010","1.2020","1.1710","0.51%"
"Feb 11, 2019","1.1820","1.1480","1.1920","1.1470","2.43%"
"Feb 08, 2019","1.1540","1.1680","1.1820","1.1440","-2.04%"
"Feb 07, 2019","1.1780","1.2000","1.2120","1.1570","-3.12%"
"Feb 06, 2019","1.2160","1.2070","1.2350","1.2070","-1.14%"
"Feb 05, 2019","1.2300","1.2740","1.2860","1.2220","-3.76%"
"Feb 04, 2019","1.2780","1.2650","1.2860","1.2400","2.16%"
"Feb 02, 2019","1.2510","1.2510","1.2510","1.2510","0.16%"
"Feb 01, 2019","1.2490","1.2270","1.2600","1.2110","2.38%"
"Jan 31, 2019","1.2200","1.2290","1.2450","1.2160","-2.79%"
"Jan 30, 2019","1.2550","1.2530","1.2750","1.2520","-1.10%"
"Jan 29, 2019","1.2690","1.2690","1.2880","1.2530","0.08%"
"Jan 28, 2019","1.2680","1.3300","1.3310","1.2640","-3.13%"
"Jan 27, 2019","1.3090","1.3090","1.3090","1.3090","0.23%"
"Jan 25, 2019","1.3060","1.2870","1.3170","1.2670","3.16%"
"Jan 24, 2019","1.2660","1.3060","1.3290","1.2660","-4.60%"
"Jan 23, 2019","1.3270","1.3050","1.3570","1.3050","0.30%"
"Jan 22, 2019","1.3230","1.3010","1.3380","1.2960","-0.08%"
"Jan 21, 2019","1.3240","1.3260","1.3340","1.3070","-2.36%"
"Jan 19, 2019","1.3560","1.3560","1.3560","1.3560","0.30%"
"Jan 18, 2019","1.3520","1.3480","1.3760","1.3320","1.20%"
"Jan 17, 2019","1.3360","1.3000","1.3400","1.2910","1.98%"
"Jan 16, 2019","1.3100","1.2730","1.3410","1.2710","4.30%"
"Jan 15, 2019","1.2560","1.3000","1.3090","1.2510","-3.09%"
"Jan 14, 2019","1.2960","1.2760","1.3090","1.2490","0.47%"
"Jan 11, 2019","1.2900","1.2620","1.3040","1.2340","1.10%"
"Jan 10, 2019","1.2760","1.2160","1.2800","1.2160","1.19%"
"Jan 09, 2019","1.2610","1.2770","1.3030","1.2370","-0.79%"
"Jan 08, 2019","1.2710","1.2760","1.2850","1.2540","1.19%"
"Jan 07, 2019","1.2560","1.2610","1.2770","1.2290","-1.80%"
"Jan 06, 2019","1.2790","1.2790","1.2790","1.2790","0.24%"
"Jan 04, 2019","1.2760","1.2050","1.2820","1.2050","6.87%"
"Jan 03, 2019","1.1940","1.1870","1.2510","1.1800","-1.32%"
"Jan 02, 2019","1.2100","1.2490","1.2540","1.1760","-5.10%"
"Jan 01, 2019","1.2750","1.2750","1.2750","1.2750","0.47%"
"Dec 31, 2018","1.2690","1.2740","1.3160","1.2660","0.08%"
"Dec 28, 2018","1.2680","1.2980","1.3130","1.2640","-2.98%"
"Dec 27, 2018","1.3070","1.2930","1.3130","1.2480","3.57%"
"Dec 24, 2018","1.2620","1.3190","1.3200","1.2580","-4.25%"
"Dec 21, 2018","1.3180","1.2910","1.3320","1.2790","3.94%"
"Dec 20, 2018","1.2680","1.2190","1.2740","1.2140","-0.31%"
"Dec 19, 2018","1.2720","1.2860","1.2870","1.2560","-0.70%"
"Dec 18, 2018","1.2810","1.2450","1.2980","1.2310","1.18%"
"Dec 17, 2018","1.2660","1.2420","1.2910","1.2420","1.61%"
"Dec 16, 2018","1.2460","1.2460","1.2460","1.2460","0.08%"
"Dec 14, 2018","1.2450","1.2740","1.2770","1.2300","-3.56%"
"Dec 13, 2018","1.2910","1.2820","1.2980","1.2370","1.10%"
"Dec 12, 2018","1.2770","1.1820","1.2790","1.1750","7.22%"
"Dec 11, 2018","1.1910","1.2160","1.2390","1.1780","-0.75%"
"Dec 10, 2018","1.2000","1.2480","1.2580","1.1600","-5.73%"
"Dec 08, 2018","1.2730","1.2730","1.2730","1.2730","0.39%"
"Dec 07, 2018","1.2680","1.2460","1.2900","1.2460","1.85%"
"Dec 06, 2018","1.2450","1.2940","1.3060","1.2250","-5.32%"
"Dec 05, 2018","1.3150","1.2910","1.3330","1.2880","2.65%"
"Dec 04, 2018","1.2810","1.2860","1.3380","1.2810","-2.44%"
"Dec 03, 2018","1.3130","1.3820","1.3880","1.3100","-3.74%"
"Nov 30, 2018","1.3640","1.3530","1.3750","1.3410","-0.29%"
"Nov 29, 2018","1.3680","1.3410","1.3680","1.3210","-0.58%"
"Nov 28, 2018","1.3760","1.3830","1.3880","1.3590","-1.22%"
"Nov 27, 2018","1.3930","1.3740","1.3970","1.3680","-1.21%"
"Nov 26, 2018","1.4100","1.3990","1.4180","1.3910","2.03%"
"Nov 23, 2018","1.3820","1.4260","1.4280","1.3700","-3.29%"
"Nov 22, 2018","1.4290","1.3880","1.4380","1.3720","2.36%"
"Nov 21, 2018","1.3960","1.3980","1.4160","1.3750","0.79%"
"Nov 20, 2018","1.3850","1.3850","1.4060","1.3620","0.44%"
"Nov 19, 2018","1.3790","1.4260","1.4370","1.3740","-2.48%"
"Nov 18, 2018","1.4140","1.4140","1.4140","1.4140","0.00%"
"Nov 17, 2018","1.4140","1.4140","1.4140","1.4140","0.14%"
"Nov 16, 2018","1.4120","1.3920","1.4320","1.3750","3.07%"
"Nov 15, 2018","1.3700","1.4790","1.4790","1.3500","-9.15%"
"Nov 14, 2018","1.5080","1.4930","1.5200","1.4680","-0.92%"
"Nov 13, 2018","1.5220","1.4650","1.5230","1.4530","4.75%"
"Nov 12, 2018","1.4530","1.4720","1.4730","1.4330","-2.68%"
"Nov 11, 2018","1.4930","1.4930","1.4930","1.4930","0.07%"
"Nov 09, 2018","1.4920","1.5430","1.5430","1.4890","-4.79%"
"Nov 08, 2018","1.5670","1.5570","1.5690","1.5390","2.28%"
"Nov 07, 2018","1.5320","1.5310","1.5600","1.5170","-0.39%"
"Nov 06, 2018","1.5380","1.5150","1.5390","1.4950","2.47%"
"Nov 05, 2018","1.5010","1.4900","1.5230","1.4850","0.40%"
"Nov 03, 2018","1.4950","1.4950","1.4950","1.4950","0.07%"
"Nov 02, 2018","1.4940","1.4840","1.5020","1.4730","2.82%"
"Nov 01, 2018","1.4530","1.4560","1.4810","1.4470","1.11%"
"Oct 31, 2018","1.4370","1.4300","1.4700","1.4190","2.64%"
"Oct 30, 2018","1.4000","1.3990","1.4210","1.3940","-0.07%"
"Oct 29, 2018","1.4010","1.3710","1.4160","1.3640","0.94%"
"Oct 27, 2018","1.3880","1.3880","1.3880","1.3880","0.07%"
"Oct 26, 2018","1.3870","1.4190","1.4260","1.3630","-3.88%"
"Oct 25, 2018","1.4430","1.4420","1.4600","1.4330","-0.96%"
"Oct 24, 2018","1.4570","1.4730","1.4820","1.4450","-0.95%"
"Oct 23, 2018","1.4710","1.4900","1.5200","1.4710","-3.79%"
"Oct 22, 2018","1.5290","1.5900","1.5920","1.5060","-3.17%"
"Oct 19, 2018","1.5790","1.5440","1.5790","1.5270","2.47%"
"Oct 18, 2018","1.5410","1.5910","1.5990","1.5410","-2.22%"
"Oct 17, 2018","1.5760","1.5890","1.6040","1.5640","-2.11%"
"Oct 16, 2018","1.6100","1.6140","1.6300","1.6050","0.00%"
"Oct 15, 2018","1.6100","1.6140","1.6220","1.5990","-1.59%"
"Oct 14, 2018","1.6360","1.6360","1.6360","1.6360","0.12%"
"Oct 12, 2018","1.6340","1.6990","1.6990","1.6310","-2.39%"
"Oct 11, 2018","1.6740","1.6820","1.7060","1.6700","-3.18%"
"Oct 10, 2018","1.7290","1.7160","1.7490","1.7120","0.70%"
"Oct 09, 2018","1.7170","1.7110","1.7210","1.6840","2.45%"
"Oct 08, 2018","1.6760","1.7190","1.7240","1.6740","-2.84%"
"Oct 05, 2018","1.7250","1.6890","1.7270","1.6740","3.42%"
"Oct 04, 2018","1.6680","1.6360","1.6780","1.6290","5.77%"
"Oct 03, 2018","1.5770","1.5590","1.5830","1.5330","3.14%"
"Oct 02, 2018","1.5290","1.5630","1.5670","1.5260","-3.78%"
"Oct 01, 2018","1.5890","1.5780","1.6040","1.5770","0.82%"
"Sep 29, 2018","1.5760","1.5760","1.5760","1.5760","0.13%"
"Sep 28, 2018","1.5740","1.5720","1.5870","1.5430","-1.56%"
"Sep 27, 2018","1.5990","1.5640","1.6000","1.5440","0.25%"
"Sep 26, 2018","1.5950","1.6300","1.6300","1.5940","-2.33%"
"Sep 25, 2018","1.6330","1.6290","1.6420","1.6200","1.11%"
"Sep 24, 2018","1.6150","1.5510","1.6180","1.5490","3.73%"
"Sep 22, 2018","1.5570","1.5570","1.5570","1.5570","0.19%"
"Sep 21, 2018","1.5540","1.5950","1.5990","1.5410","-2.02%"
"Sep 20, 2018","1.5860","1.6040","1.6230","1.5860","-1.55%"
"Sep 19, 2018","1.6110","1.5720","1.6180","1.5660","2.61%"
"Sep 18, 2018","1.5700","1.5380","1.5710","1.5240","2.21%"
"Sep 17, 2018","1.5360","1.5330","1.5490","1.5170","3.50%"
"Sep 16, 2018","1.4840","1.4860","1.4870","1.4840","-3.01%"
"Sep 14, 2018","1.5300","1.5130","1.5450","1.5060","1.80%"
"Sep 13, 2018","1.5030","1.4900","1.5250","1.4800","1.35%"
"Sep 12, 2018","1.4830","1.4940","1.5000","1.4770","-1.13%"
"Sep 11, 2018","1.5000","1.4960","1.5090","1.4850","2.11%"
"Sep 10, 2018","1.4690","1.4520","1.4870","1.4500","0.48%"
"Sep 09, 2018","1.4620","1.4620","1.4620","1.4620","0.14%"
"Sep 07, 2018","1.4600","1.4220","1.4670","1.4220","3.03%"
"Sep 06, 2018","1.4170","1.4450","1.4560","1.4160","-1.87%"
"Sep 05, 2018","1.4440","1.4250","1.4800","1.4100","0.98%"
"Sep 04, 2018","1.4300","1.4170","1.4330","1.3930","1.71%"
"Sep 03, 2018","1.4060","1.4350","1.4470","1.3980","-1.75%"
"Sep 02, 2018","1.4310","1.4310","1.4310","1.4310","0.14%"
"Aug 31, 2018","1.4290","1.4540","1.4650","1.4200","-1.72%"
"Aug 30, 2018","1.4540","1.4850","1.4930","1.4540","-2.55%"
"Aug 29, 2018","1.4920","1.4450","1.5020","1.4380","2.75%"
"Aug 28, 2018","1.4520","1.4510","1.4700","1.4330","13.97%"
"Aug 27, 2018","1.2740","1.2740","1.2740","1.2740","-0.39%"
"Aug 25, 2018","1.2790","1.2790","1.2790","1.2790","0.08%"
"Aug 24, 2018","1.2780","1.2840","1.2990","1.2670","0.55%"
"Aug 23, 2018","1.2710","1.2650","1.2880","1.2600","-0.16%"
"Aug 22, 2018","1.2730","1.2600","1.2780","1.2490","0.47%"
"Aug 21, 2018","1.2670","1.2190","1.2690","1.2180","3.51%"
"Aug 20, 2018","1.2240","1.2360","1.2510","1.2160","-0.89%"
"Aug 18, 2018","1.2350","1.2350","1.2350","1.2350","0.00%"
"Aug 17, 2018","1.2350","1.2270","1.2360","1.1980","-0.32%"
"Aug 16, 2018","1.2390","1.2380","1.2490","1.2200","1.06%"
"Aug 15, 2018","1.2260","1.2640","1.2670","1.2120","-2.78%"
"Aug 14, 2018","1.2610","1.2720","1.2880","1.2570","0.56%"
"Aug 13, 2018","1.2540","1.2360","1.2720","1.2290","0.80%"
"Aug 10, 2018","1.2440","1.2460","1.2700","1.2400","-4.09%"
"Aug 09, 2018","1.2970","1.3040","1.3190","1.2900","-1.29%"
"Aug 08, 2018","1.3140","1.3240","1.3360","1.3100","-0.90%"
"Aug 07, 2018","1.3260","1.3040","1.3390","1.2940","1.69%"
"Aug 06, 2018","1.3040","1.3390","1.3420","1.2980","-1.95%"
"Aug 05, 2018","1.3300","1.3300","1.3300","1.3300","0.08%"
"Aug 03, 2018","1.3290","1.3520","1.3770","1.3270","-3.49%"
"Aug 02, 2018","1.3770","1.3860","1.4030","1.3500","-0.22%"
"Aug 01, 2018","1.3800","1.3510","1.3920","1.3490","3.68%"
"Jul 31, 2018","1.3310","1.3280","1.3470","1.3160","-0.97%"
"Jul 30, 2018","1.3440","1.2770","1.3610","1.2730","4.92%"
"Jul 29, 2018","1.2810","1.2810","1.2810","1.2810","0.08%"
"Jul 27, 2018","1.2800","1.2830","1.2940","1.2680","0.08%"
"Jul 26, 2018","1.2790","1.2930","1.2990","1.2720","0.47%"
"Jul 25, 2018","1.2730","1.2650","1.2800","1.2580","-0.24%"
"Jul 24, 2018","1.2760","1.2870","1.3010","1.2600","0.39%"
"Jul 23, 2018","1.2710","1.2440","1.2750","1.2250","3.08%"
"Jul 22, 2018","1.2330","1.2330","1.2330","1.2330","0.08%"
"Jul 20, 2018","1.2320","1.1730","1.2390","1.1680","3.88%"
"Jul 19, 2018","1.1860","1.2400","1.2450","1.1830","-3.42%"
"Jul 18, 2018","1.2280","1.2640","1.2680","1.1940","-2.62%"
"Jul 17, 2018","1.2610","1.2780","1.2860","1.2530","-1.56%"
"Jul 16, 2018","1.2810","1.2770","1.3070","1.2710","0.55%"
"Jul 15, 2018","1.2740","1.2740","1.2740","1.2740","0.08%"
"Jul 13, 2018","1.2730","1.2770","1.2780","1.2440","-0.78%"
"Jul 12, 2018","1.2830","1.3000","1.3020","1.2730","-0.93%"
"Jul 11, 2018","1.2950","1.2930","1.3120","1.2770","-0.54%"
"Jul 10, 2018","1.3020","1.2920","1.3080","1.2800","3.58%"
"Jul 09, 2018","1.2570","1.2870","1.3140","1.2550","-0.87%"
"Jul 08, 2018","1.2680","1.2680","1.2680","1.2680","0.00%"
"Jul 06, 2018","1.2680","1.2650","1.2710","1.2470","0.71%"
"Jul 05, 2018","1.2590","1.2970","1.3050","1.2530","-1.25%"
"Jul 04, 2018","1.2750","1.2520","1.2830","1.2400","2.57%"
"Jul 03, 2018","1.2430","1.2750","1.2940","1.2380","-0.96%"
"Jul 02, 2018","1.2550","1.2630","1.2770","1.2500","-1.80%"
"Jun 29, 2018","1.2780","1.2780","1.3130","1.2620","1.19%"
"Jun 28, 2018","1.2630","1.2350","1.2630","1.2350","1.28%"
"Jun 27, 2018","1.2470","1.2780","1.2790","1.2450","-4.37%"
"Jun 26, 2018","1.3040","1.3090","1.3240","1.2780","0.93%"
"Jun 25, 2018","1.2920","1.2850","1.3200","1.2680","-2.27%"
"Jun 23, 2018","1.3220","1.3220","1.3220","1.3220","0.15%"
"Jun 22, 2018","1.3200","1.2890","1.3210","1.2880","3.37%"
"Jun 21, 2018","1.2770","1.3010","1.3480","1.2730","-1.69%"
"Jun 20, 2018","1.2990","1.2840","1.2990","1.2730","1.41%"
"Jun 19, 2018","1.2810","1.2640","1.2860","1.2570","-3.17%"
"Jun 18, 2018","1.3230","1.3240","1.3310","1.2970","-0.45%"
"Jun 16, 2018","1.3290","1.3290","1.3290","1.3290","0.23%"
"Jun 15, 2018","1.3260","1.3010","1.3420","1.2830","-0.67%"
"Jun 14, 2018","1.3350","1.3740","1.3890","1.3260","-2.41%"
"Jun 13, 2018","1.3680","1.3980","1.3990","1.3500","-2.29%"
"Jun 12, 2018","1.4000","1.4140","1.4400","1.3910","-0.43%"
"Jun 11, 2018","1.4060","1.4260","1.4310","1.3940","1.08%"
"Jun 09, 2018","1.3910","1.3910","1.3910","1.3910","0.14%"
"Jun 08, 2018","1.3890","1.3560","1.3970","1.3260","-0.71%"
"Jun 07, 2018","1.3990","1.4040","1.4190","1.3770","1.82%"
"Jun 06, 2018","1.3740","1.3110","1.3830","1.3100","6.93%"
"Jun 05, 2018","1.2850","1.2920","1.3230","1.2780","-0.93%"
"Jun 04, 2018","1.2970","1.2940","1.3060","1.2750","1.09%"
"Jun 01, 2018","1.2830","1.2770","1.3050","1.2530","4.39%"
"May 31, 2018","1.2290","1.2620","1.2860","1.2190","-2.23%"
"May 30, 2018","1.2570","1.2410","1.2700","1.2100","5.19%"
"May 29, 2018","1.1950","1.2540","1.2850","1.1070","-9.81%"
"May 28, 2018","1.3250","1.3250","1.3250","1.3250","0.00%"
"May 27, 2018","1.3250","1.3190","1.3250","1.3190","0.15%"
"May 25, 2018","1.3230","1.3870","1.3920","1.3000","-5.57%"
"May 24, 2018","1.4010","1.4480","1.4590","1.3870","-2.64%"
"May 23, 2018","1.4390","1.4760","1.4830","1.4310","-5.45%"
"May 22, 2018","1.5220","1.4910","1.5320","1.4860","3.12%"
"May 21, 2018","1.4760","1.5020","1.5050","1.4690","-1.67%"
"May 20, 2018","1.5010","1.5020","1.5020","1.5010","0.07%"
"May 18, 2018","1.5000","1.5580","1.5580","1.4970","-3.97%"
"May 17, 2018","1.5620","1.5410","1.5650","1.5180","3.93%"
"May 16, 2018","1.5030","1.5030","1.5130","1.4840","-0.99%"
"May 15, 2018","1.5180","1.4900","1.5180","1.4710","3.13%"
"May 14, 2018","1.4720","1.4470","1.4900","1.4470","2.15%"
"May 13, 2018","1.4410","1.4410","1.4410","1.4410","0.14%"
"May 11, 2018","1.4390","1.4220","1.4510","1.4170","0.63%"
"May 10, 2018","1.4300","1.4510","1.4720","1.4040","-1.99%"
"May 09, 2018","1.4590","1.4520","1.4840","1.4510","0.97%"
"May 08, 2018","1.4450","1.3980","1.4470","1.3840","3.29%"
"May 07, 2018","1.3990","1.3990","1.3990","1.3990","-0.07%"
"May 04, 2018","1.4000","1.3930","1.4030","1.3600","0.65%"
"May 03, 2018","1.3910","1.4620","1.4790","1.3770","-4.60%"
"May 02, 2018","1.4580","1.4220","1.4670","1.4210","3.62%"
"May 01, 2018","1.4070","1.4240","1.4330","1.3960","-0.78%"
"Apr 30, 2018","1.4180","1.4540","1.4590","1.4160","-1.94%"
"Apr 27, 2018","1.4460","1.4830","1.4940","1.4370","-3.98%"
"Apr 26, 2018","1.5060","1.5330","1.5340","1.4990","-2.27%"
"Apr 25, 2018","1.5410","1.5580","1.5710","1.5380","0.00%"
"Apr 24, 2018","1.5410","1.5110","1.5630","1.5030","0.26%"
"Apr 23, 2018","1.5370","1.5240","1.5390","1.4990","3.78%"
"Apr 20, 2018","1.4810","1.4570","1.5050","1.4570","-2.31%"
"Apr 19, 2018","1.5160","1.4360","1.5240","1.4360","7.06%"
"Apr 18, 2018","1.4160","1.4390","1.4420","1.3650","-1.46%"
"Apr 17, 2018","1.4370","1.4710","1.4920","1.4370","-1.84%"
"Apr 16, 2018","1.4640","1.4530","1.4850","1.4510","1.95%"
"Apr 13, 2018","1.4360","1.4530","1.4770","1.4320","-1.44%"
"Apr 12, 2018","1.4570","1.3860","1.4570","1.3850","4.97%"
"Apr 11, 2018","1.3880","1.4060","1.4150","1.3600","-1.35%"
"Apr 10, 2018","1.4070","1.4100","1.4280","1.3960","0.07%"
"Apr 09, 2018","1.4060","1.4040","1.4190","1.3970","0.79%"
"Apr 06, 2018","1.3950","1.4050","1.4200","1.3900","-1.62%"
"Apr 05, 2018","1.4180","1.3850","1.4240","1.3850","3.65%"
"Apr 04, 2018","1.3680","1.3520","1.3740","1.3320","0.66%"
"Apr 03, 2018","1.3590","1.3370","1.3670","1.3360","1.19%"
"Mar 30, 2018","1.3430","1.3440","1.3440","1.3430","-0.52%"
"Mar 29, 2018","1.3500","1.3730","1.3750","1.3490","-1.24%"
"Mar 28, 2018","1.3670","1.3950","1.4010","1.3590","-3.66%"
"Mar 27, 2018","1.4190","1.4520","1.4550","1.4130","-1.46%"
"Mar 26, 2018","1.4400","1.4610","1.4740","1.4390","-0.41%"
"Mar 23, 2018","1.4460","1.4280","1.4790","1.4100","0.49%"
"Mar 22, 2018","1.4390","1.4770","1.5100","1.4060","-5.89%"
"Mar 21, 2018","1.5290","1.4870","1.5550","1.4830","2.96%"
"Mar 20, 2018","1.4850","1.4760","1.4890","1.4460","2.77%"
"Mar 19, 2018","1.4450","1.4460","1.5090","1.4390","0.98%"
"Mar 16, 2018","1.4310","1.4290","1.4490","1.4140","-0.63%"
"Mar 15, 2018","1.4400","1.4390","1.4500","1.4230","0.07%"
"Mar 14, 2018","1.4390","1.4800","1.4890","1.4290","-3.29%"
"Mar 13, 2018","1.4880","1.4990","1.4990","1.4620","-0.60%"
"Mar 12, 2018","1.4970","1.4940","1.5050","1.4870","0.20%"
"Mar 09, 2018","1.4940","1.4990","1.5080","1.4790","1.36%"
"Mar 08, 2018","1.4740","1.4950","1.5280","1.4590","-1.34%"
"Mar 07, 2018","1.4940","1.5180","1.5220","1.4830","-1.84%"
"Mar 06, 2018","1.5220","1.5080","1.5670","1.5030","1.60%"
"Mar 05, 2018","1.4980","1.4320","1.4980","1.4320","1.70%"
"Mar 02, 2018","1.4730","1.4460","1.4750","1.4190","0.41%"
"Mar 01, 2018","1.4670","1.5000","1.5020","1.4430","-2.33%"
"Feb 28, 2018","1.5020","1.5540","1.5600","1.5010","-3.78%"
"Feb 27, 2018","1.5610","1.5110","1.5670","1.4960","3.31%"
"Feb 26, 2018","1.5110","1.5290","1.5450","1.5050","-0.79%"
"Feb 23, 2018","1.5230","1.5370","1.5410","1.5170","-1.68%"
"Feb 22, 2018","1.5490","1.5640","1.5820","1.5360","-0.45%"
"Feb 21, 2018","1.5560","1.5660","1.5690","1.5320","-1.95%"
"Feb 20, 2018","1.5870","1.6240","1.6290","1.5680","-1.06%"
"Feb 19, 2018","1.6040","1.6030","1.6060","1.5900","1.52%"
"Feb 18, 2018","1.5800","1.5800","1.5800","1.5800","-0.13%"
"Feb 16, 2018","1.5820","1.6520","1.6520","1.5680","-4.06%"
"Feb 15, 2018","1.6490","1.6550","1.6910","1.6390","0.49%"
"Feb 14, 2018","1.6410","1.5920","1.6430","1.5850","1.42%"
"Feb 13, 2018","1.6180","1.5930","1.6240","1.5750","1.06%"
"Feb 12, 2018","1.6010","1.5980","1.6280","1.5820","1.78%"
"Feb 09, 2018","1.5730","1.6180","1.6270","1.5510","-2.84%"
"Feb 08, 2018","1.6190","1.5440","1.6550","1.5390","4.32%"
"Feb 07, 2018","1.5520","1.5260","1.5520","1.5100","1.97%"
"Feb 06, 2018","1.5220","1.5260","1.5410","1.4850","-2.37%"
"Feb 05, 2018","1.5590","1.5690","1.5840","1.5490","-1.20%"
"Feb 02, 2018","1.5780","1.5520","1.6090","1.5500","2.87%"
"Feb 01, 2018","1.5340","1.5270","1.5510","1.5180","1.46%"
"Jan 31, 2018","1.5120","1.4590","1.5140","1.4490","3.42%"
"Jan 30, 2018","1.4620","1.4470","1.4680","1.4380","0.48%"
"Jan 29, 2018","1.4550","1.4620","1.4710","1.4460","0.76%"
"Jan 26, 2018","1.4440","1.4070","1.4460","1.3910","2.12%"
"Jan 25, 2018","1.4140","1.4030","1.4370","1.3910","0.43%"
"Jan 24, 2018","1.4080","1.3630","1.4280","1.3600","3.99%"
"Jan 23, 2018","1.3540","1.3490","1.3600","1.3250","-0.51%"
"Jan 22, 2018","1.3610","1.3430","1.3710","1.3370","1.64%"
"Jan 19, 2018","1.3390","1.3560","1.3580","1.3250","0.45%"
"Jan 18, 2018","1.3330","1.3240","1.3470","1.3220","1.83%"
"Jan 17, 2018","1.3090","1.3050","1.3150","1.2910","0.38%"
"Jan 16, 2018","1.3040","1.3120","1.3190","1.2860","-1.51%"
"Jan 15, 2018","1.3240","1.3320","1.3330","1.3070","-0.97%"
"Jan 12, 2018","1.3370","1.3160","1.3690","1.3080","2.06%"
"Jan 11, 2018","1.3100","1.2730","1.3200","1.2570","1.71%"
"Jan 10, 2018","1.2880","1.2910","1.3060","1.2760","0.31%"
"Jan 09, 2018","1.2840","1.2520","1.2840","1.2340","3.72%"
"Jan 08, 2018","1.2380","1.2560","1.2640","1.2140","-0.72%"
"Jan 05, 2018","1.2470","1.2350","1.2470","1.2200","0.97%"
"Jan 04, 2018","1.2350","1.2380","1.2550","1.2320","1.65%"
"Jan 03, 2018","1.2150","1.2940","1.2940","1.2150","-5.67%"
"Jan 02, 2018","1.2880","1.2060","1.2900","1.2050","8.05%"
"Jan 01, 2018","1.1920","1.1920","1.1920","1.1920","0.34%"
"Dec 29, 2017","1.1880","1.2000","1.2110","1.1770","-0.83%"
"Dec 28, 2017","1.1980","1.1790","1.2060","1.1760","2.13%"
"Dec 27, 2017","1.1730","1.2350","1.2360","1.1700","-5.63%"
"Dec 25, 2017","1.2430","1.2430","1.2430","1.2430","0.00%"
"Dec 22, 2017","1.2430","1.2570","1.2620","1.2390","-1.58%"
"Dec 21, 2017","1.2630","1.2710","1.2860","1.2590","0.88%"
"Dec 20, 2017","1.2520","1.2300","1.2710","1.2180","3.64%"
"Dec 19, 2017","1.2080","1.1550","1.2110","1.1520","5.13%"
"Dec 18, 2017","1.1490","1.1630","1.1630","1.1410","0.26%"
"Dec 16, 2017","1.1460","1.1460","1.1460","1.1460","-0.52%"
"Dec 15, 2017","1.1520","1.1510","1.1720","1.1390","-1.96%"
"Dec 14, 2017","1.1750","1.2090","1.2270","1.1720","-3.29%"
"Dec 13, 2017","1.2150","1.2180","1.2470","1.2070","-0.65%"